--------------------------------------------------------
--  文件已创建 - 星期五-五月-25-2018   
--------------------------------------------------------
-- 无法呈现对象 ADMINSYSTEM 的 TABLE DDL。带有 DBMS_METADATA 的 SYS_DATA_GROUP 正在尝试内部生成器。
COMMENT ON COLUMN SYS_DATA_GROUP.ID IS '主键id';
COMMENT ON COLUMN SYS_DATA_GROUP.DESCRIPTION IS '描述';
COMMENT ON COLUMN SYS_DATA_GROUP.PARENT_ID IS '父级id';
COMMENT ON COLUMN SYS_DATA_GROUP.NAME IS '名称';
COMMENT ON COLUMN SYS_DATA_GROUP.IS_FINAL IS '是否可删除';
COMMENT ON COLUMN SYS_DATA_GROUP.RANK IS '排序';
COMMENT ON COLUMN SYS_DATA_GROUP.CREATE_TIME IS '创建时间';
COMMENT ON COLUMN SYS_DATA_GROUP.UPDATE_TIME IS '更新时间';
COMMENT ON COLUMN SYS_DATA_GROUP.CREATE_BY IS '创建人';
COMMENT ON COLUMN SYS_DATA_GROUP.UPDATE_BY IS '更新人';
COMMENT ON COLUMN SYS_DATA_GROUP.STATUS IS '数据状态,1:正常,2:删除';CREATE TABLE SYS_DATA_GROUP 
(
  ID NUMBER(*, 0) NOT NULL 
, DESCRIPTION VARCHAR2(256 BYTE) 
, PARENT_ID NUMBER(*, 0) 
, NAME VARCHAR2(256 BYTE) 
, IS_FINAL NUMBER(*, 0) DEFAULT 1 
, RANK NUMBER(*, 0) DEFAULT 0 
, CREATE_TIME DATE 
, UPDATE_TIME DATE 
, CREATE_BY NUMBER(*, 0) DEFAULT 0 
, UPDATE_BY NUMBER(*, 0) DEFAULT 0 
, STATUS NUMBER(*, 0) DEFAULT 1 
) 
LOGGING 
TABLESPACE USERS 
PCTFREE 10 
INITRANS 1 
STORAGE 
( 
  INITIAL 65536 
  NEXT 1048576 
  MINEXTENTS 1 
  MAXEXTENTS UNLIMITED 
  BUFFER_POOL DEFAULT 
) 
NOCOMPRESS 
NOPARALLEL
-- 无法呈现对象 ADMINSYSTEM 的 TABLE DDL。带有 DBMS_METADATA 的 SYS_DATA_ITEM 正在尝试内部生成器。
COMMENT ON COLUMN SYS_DATA_ITEM.ID IS '主键id';
COMMENT ON COLUMN SYS_DATA_ITEM.SYS_DATA_GROUP_ID IS '组id';
COMMENT ON COLUMN SYS_DATA_ITEM.KEY_VALUE IS '值';
COMMENT ON COLUMN SYS_DATA_ITEM.KEY_NAME IS '名称';
COMMENT ON COLUMN SYS_DATA_ITEM.IS_FINAL IS '是否可删除';
COMMENT ON COLUMN SYS_DATA_ITEM.RANK IS '排序';
COMMENT ON COLUMN SYS_DATA_ITEM.CREATE_TIME IS '创建时间';
COMMENT ON COLUMN SYS_DATA_ITEM.UPDATE_TIME IS '更新时间';
COMMENT ON COLUMN SYS_DATA_ITEM.CREATE_BY IS '创建人';
COMMENT ON COLUMN SYS_DATA_ITEM.UPDATE_BY IS '更新人';
COMMENT ON COLUMN SYS_DATA_ITEM.STATUS IS '数据状态,1:正常,2:删除,3:禁用账号';
COMMENT ON COLUMN SYS_DATA_ITEM.DESCRIPTION IS '描述';CREATE TABLE SYS_DATA_ITEM 
(
  ID NUMBER(*, 0) NOT NULL 
, SYS_DATA_GROUP_ID NUMBER(*, 0) 
, KEY_VALUE VARCHAR2(256 BYTE) 
, KEY_NAME VARCHAR2(256 BYTE) 
, IS_FINAL NUMBER(*, 0) DEFAULT 1 
, RANK NUMBER(*, 0) DEFAULT 0 
, CREATE_TIME TIMESTAMP(6) 
, UPDATE_TIME TIMESTAMP(6) 
, CREATE_BY NUMBER(*, 0) DEFAULT 0 
, UPDATE_BY NUMBER(*, 0) DEFAULT 0 
, STATUS NUMBER(*, 0) DEFAULT 1 
, DESCRIPTION VARCHAR2(256 BYTE) 
) 
LOGGING 
TABLESPACE USERS 
PCTFREE 10 
INITRANS 1 
STORAGE 
( 
  INITIAL 65536 
  NEXT 1048576 
  MINEXTENTS 1 
  MAXEXTENTS UNLIMITED 
  BUFFER_POOL DEFAULT 
) 
NOCOMPRESS 
NOPARALLEL
-- 无法呈现对象 ADMINSYSTEM 的 TABLE DDL。带有 DBMS_METADATA 的 SYS_IP_FORBIDDEN 正在尝试内部生成器。
COMMENT ON COLUMN SYS_IP_FORBIDDEN.ID IS '主键id';
COMMENT ON COLUMN SYS_IP_FORBIDDEN.IS_FINAL IS '是否可删除';
COMMENT ON COLUMN SYS_IP_FORBIDDEN.RANK IS '排序';
COMMENT ON COLUMN SYS_IP_FORBIDDEN.CREATE_TIME IS '创建时间';
COMMENT ON COLUMN SYS_IP_FORBIDDEN.UPDATE_TIME IS '更新时间';
COMMENT ON COLUMN SYS_IP_FORBIDDEN.CREATE_BY IS '创建人';
COMMENT ON COLUMN SYS_IP_FORBIDDEN.UPDATE_BY IS '更新人';
COMMENT ON COLUMN SYS_IP_FORBIDDEN.STATUS IS '数据状态,1:正常,2:删除';
COMMENT ON COLUMN SYS_IP_FORBIDDEN.EXPIRE_TIME IS '到期时间';
COMMENT ON COLUMN SYS_IP_FORBIDDEN.DESCRIPTION IS '说明';
COMMENT ON COLUMN SYS_IP_FORBIDDEN.IP IS 'IP地址';CREATE TABLE SYS_IP_FORBIDDEN 
(
  ID NUMBER(*, 0) 
, IS_FINAL NUMBER(*, 0) DEFAULT 1 
, RANK NUMBER(*, 0) DEFAULT 0 
, CREATE_TIME TIMESTAMP(6) 
, UPDATE_TIME TIMESTAMP(6) 
, CREATE_BY NUMBER(*, 0) DEFAULT 0 
, UPDATE_BY NUMBER(*, 0) 
, STATUS NUMBER(*, 0) 
, EXPIRE_TIME TIMESTAMP(6) 
, DESCRIPTION VARCHAR2(256 BYTE) 
, IP VARCHAR2(256 BYTE) 
) 
LOGGING 
TABLESPACE USERS 
PCTFREE 10 
INITRANS 1 
STORAGE 
( 
  INITIAL 65536 
  NEXT 1048576 
  MINEXTENTS 1 
  MAXEXTENTS UNLIMITED 
  BUFFER_POOL DEFAULT 
) 
NOCOMPRESS 
NOPARALLEL
-- 无法呈现对象 ADMINSYSTEM 的 TABLE DDL。带有 DBMS_METADATA 的 SYS_LOG 正在尝试内部生成器。
COMMENT ON COLUMN SYS_LOG.ID IS '主键id';
COMMENT ON COLUMN SYS_LOG.RANK IS '排序';
COMMENT ON COLUMN SYS_LOG.CREATE_TIME IS '创建时间';
COMMENT ON COLUMN SYS_LOG.UPDATE_TIME IS '更新时间';
COMMENT ON COLUMN SYS_LOG.CREATE_BY IS '创建人';
COMMENT ON COLUMN SYS_LOG.UPDATE_BY IS '更新人';
COMMENT ON COLUMN SYS_LOG.STATUS IS '数据状态,1:正常,2:删除';
COMMENT ON COLUMN SYS_LOG.IP IS '请求ip';
COMMENT ON COLUMN SYS_LOG.USER_ID IS '操作用户id';
COMMENT ON COLUMN SYS_LOG.METHOD IS '请求方法';
COMMENT ON COLUMN SYS_LOG.PARAM IS '请求参数';
COMMENT ON COLUMN SYS_LOG.RESULT IS '请求结果';
COMMENT ON COLUMN SYS_LOG.DURATION IS '持续时间';
COMMENT ON COLUMN SYS_LOG.URL IS '请求url';
COMMENT ON COLUMN SYS_LOG.USER_AGENT IS '请求ua';CREATE TABLE SYS_LOG 
(
  ID NUMBER(*, 0) NOT NULL 
, RANK NUMBER(*, 0) DEFAULT 0 
, CREATE_TIME DATE 
, UPDATE_TIME DATE 
, CREATE_BY NUMBER(*, 0) DEFAULT 0 
, UPDATE_BY NUMBER(*, 0) DEFAULT 0 
, STATUS NUMBER(*, 0) DEFAULT 1 
, IP VARCHAR2(50 BYTE) 
, USER_ID VARCHAR2(256 BYTE) 
, METHOD VARCHAR2(256 BYTE) 
, PARAM CLOB 
, RESULT CLOB 
, DURATION NUMBER(*, 0) 
, URL VARCHAR2(256 BYTE) 
, USER_AGENT VARCHAR2(256 BYTE) 
) 
LOGGING 
TABLESPACE USERS 
PCTFREE 10 
INITRANS 1 
STORAGE 
( 
  INITIAL 65536 
  NEXT 1048576 
  MINEXTENTS 1 
  MAXEXTENTS UNLIMITED 
  BUFFER_POOL DEFAULT 
) 
NOCOMPRESS 
NOPARALLEL 
LOB (PARAM) STORE AS SYS_LOB0000073437C00011$$ 
( 
  ENABLE STORAGE IN ROW 
  CHUNK 8192 
  RETENTION 
  NOCACHE 
  LOGGING 
  TABLESPACE USERS 
  STORAGE 
  ( 
    INITIAL 65536 
    NEXT 1048576 
    MINEXTENTS 1 
    MAXEXTENTS UNLIMITED 
    BUFFER_POOL DEFAULT 
  )  
) 	
LOB (RESULT) STORE AS SYS_LOB0000073437C00012$$ 
( 
  ENABLE STORAGE IN ROW 
  CHUNK 8192 
  RETENTION 
  NOCACHE 
  LOGGING 
  TABLESPACE USERS 
  STORAGE 
  ( 
    INITIAL 65536 
    NEXT 1048576 
    MINEXTENTS 1 
    MAXEXTENTS UNLIMITED 
    BUFFER_POOL DEFAULT 
  )  
)
-- 无法呈现对象 ADMINSYSTEM 的 TABLE DDL。带有 DBMS_METADATA 的 SYS_LOGIN_STATUS 正在尝试内部生成器。
COMMENT ON COLUMN SYS_LOGIN_STATUS.ID IS '主键id';
COMMENT ON COLUMN SYS_LOGIN_STATUS.SYS_USER_ID IS '用户id';
COMMENT ON COLUMN SYS_LOGIN_STATUS.SESSION_ID IS 'session id';
COMMENT ON COLUMN SYS_LOGIN_STATUS.SESSION_EXPIRES IS 'session过期时间';
COMMENT ON COLUMN SYS_LOGIN_STATUS.SYS_USER_LOGIN_NAME IS '登录名';
COMMENT ON COLUMN SYS_LOGIN_STATUS.SYS_USER_ZH_NAME IS '中文名';
COMMENT ON COLUMN SYS_LOGIN_STATUS.LAST_LOGIN_TIME IS '上一次登录时间';
COMMENT ON COLUMN SYS_LOGIN_STATUS.PLATFORM IS '登录平台 1:web 2:android 3:ios''';
COMMENT ON COLUMN SYS_LOGIN_STATUS.RANK IS '排序';
COMMENT ON COLUMN SYS_LOGIN_STATUS.CREATE_TIME IS '创建时间';
COMMENT ON COLUMN SYS_LOGIN_STATUS.UPDATE_TIME IS '更新时间';
COMMENT ON COLUMN SYS_LOGIN_STATUS.CREATE_BY IS '创建人';
COMMENT ON COLUMN SYS_LOGIN_STATUS.UPDATE_BY IS '更新人';
COMMENT ON COLUMN SYS_LOGIN_STATUS.STATUS IS '数据状态,1:正常,2:删除';CREATE TABLE SYS_LOGIN_STATUS 
(
  ID NUMBER(*, 0) NOT NULL 
, SYS_USER_ID NUMBER(*, 0) 
, SESSION_ID VARCHAR2(256 BYTE) 
, SESSION_EXPIRES TIMESTAMP(6) 
, SYS_USER_LOGIN_NAME VARCHAR2(256 BYTE) 
, SYS_USER_ZH_NAME VARCHAR2(256 BYTE) 
, LAST_LOGIN_TIME TIMESTAMP(6) 
, PLATFORM NUMBER(*, 0) 
, RANK NUMBER(*, 0) DEFAULT 0 
, CREATE_TIME TIMESTAMP(6) 
, UPDATE_TIME TIMESTAMP(6) 
, CREATE_BY NUMBER(*, 0) DEFAULT 0 
, UPDATE_BY NUMBER(*, 0) DEFAULT 0 
, STATUS NUMBER(*, 0) 
) 
LOGGING 
TABLESPACE USERS 
PCTFREE 10 
INITRANS 1 
STORAGE 
( 
  INITIAL 65536 
  NEXT 1048576 
  MINEXTENTS 1 
  MAXEXTENTS UNLIMITED 
  BUFFER_POOL DEFAULT 
) 
NOCOMPRESS 
NOPARALLEL
-- 无法呈现对象 ADMINSYSTEM 的 TABLE DDL。带有 DBMS_METADATA 的 SYS_ORGANIZATION 正在尝试内部生成器。
COMMENT ON COLUMN SYS_ORGANIZATION.ID IS '主键id';
COMMENT ON COLUMN SYS_ORGANIZATION.NAME IS '名称';
COMMENT ON COLUMN SYS_ORGANIZATION.DESCRIPTION IS '描述';
COMMENT ON COLUMN SYS_ORGANIZATION.IS_FINAL IS '是否可删除';
COMMENT ON COLUMN SYS_ORGANIZATION.PARENT_ID IS '父级id';
COMMENT ON COLUMN SYS_ORGANIZATION.RANK IS '排序';
COMMENT ON COLUMN SYS_ORGANIZATION.CREATE_TIME IS '创建时间';
COMMENT ON COLUMN SYS_ORGANIZATION.UPDATE_TIME IS '更新时间';
COMMENT ON COLUMN SYS_ORGANIZATION.CREATE_BY IS '创建人id';
COMMENT ON COLUMN SYS_ORGANIZATION.UPDATE_BY IS '更新人id';
COMMENT ON COLUMN SYS_ORGANIZATION.STATUS IS '数据状态,1:正常,2:删除''';
COMMENT ON COLUMN SYS_ORGANIZATION.FULL_NAME IS '全称';CREATE TABLE SYS_ORGANIZATION 
(
  ID NUMBER(*, 0) NOT NULL 
, NAME VARCHAR2(256 BYTE) 
, DESCRIPTION VARCHAR2(256 BYTE) 
, IS_FINAL NUMBER(*, 0) DEFAULT 1 
, PARENT_ID NUMBER(*, 0) DEFAULT 0 
, RANK NUMBER(*, 0) DEFAULT 0 
, CREATE_TIME TIMESTAMP(6) 
, UPDATE_TIME TIMESTAMP(6) 
, CREATE_BY NUMBER(*, 0) DEFAULT 0 
, UPDATE_BY NUMBER(*, 0) DEFAULT 0 
, STATUS NUMBER(*, 0) DEFAULT 1 
, FULL_NAME VARCHAR2(256 BYTE) 
) 
LOGGING 
TABLESPACE USERS 
PCTFREE 10 
INITRANS 1 
STORAGE 
( 
  INITIAL 65536 
  NEXT 1048576 
  MINEXTENTS 1 
  MAXEXTENTS UNLIMITED 
  BUFFER_POOL DEFAULT 
) 
NOCOMPRESS 
NOPARALLEL
-- 无法呈现对象 ADMINSYSTEM 的 TABLE DDL。带有 DBMS_METADATA 的 SYS_PERMISSION 正在尝试内部生成器。
COMMENT ON COLUMN SYS_PERMISSION.ID IS '主键id';
COMMENT ON COLUMN SYS_PERMISSION.NAME IS '名称';
COMMENT ON COLUMN SYS_PERMISSION.DESCRIPTION IS '描述';
COMMENT ON COLUMN SYS_PERMISSION.CODE IS '编码';
COMMENT ON COLUMN SYS_PERMISSION.SYS_PERMISSION_GROUP_ID IS '分组id';
COMMENT ON COLUMN SYS_PERMISSION.IS_FINAL IS '是否可删除';
COMMENT ON COLUMN SYS_PERMISSION.RANK IS '排序';
COMMENT ON COLUMN SYS_PERMISSION.CREATE_TIME IS '创建时间';
COMMENT ON COLUMN SYS_PERMISSION.UPDATE_TIME IS '更新时间';
COMMENT ON COLUMN SYS_PERMISSION.CREATE_BY IS '创建人id';
COMMENT ON COLUMN SYS_PERMISSION.UPDATE_BY IS '更新人id';
COMMENT ON COLUMN SYS_PERMISSION.STATUS IS '数据状态,1:正常,2:删除';CREATE TABLE SYS_PERMISSION 
(
  ID NUMBER(*, 0) NOT NULL 
, NAME VARCHAR2(256 BYTE) 
, DESCRIPTION VARCHAR2(256 BYTE) 
, CODE VARCHAR2(256 BYTE) 
, SYS_PERMISSION_GROUP_ID NUMBER(*, 0) 
, IS_FINAL NUMBER(*, 0) DEFAULT 1 
, RANK NUMBER(*, 0) DEFAULT 0 
, CREATE_TIME TIMESTAMP(6) 
, UPDATE_TIME TIMESTAMP(6) 
, CREATE_BY NUMBER(*, 0) DEFAULT 0 
, UPDATE_BY NUMBER(*, 0) DEFAULT 0 
, STATUS NUMBER(*, 0) DEFAULT 1 
) 
LOGGING 
TABLESPACE USERS 
PCTFREE 10 
INITRANS 1 
STORAGE 
( 
  INITIAL 65536 
  NEXT 1048576 
  MINEXTENTS 1 
  MAXEXTENTS UNLIMITED 
  BUFFER_POOL DEFAULT 
) 
NOCOMPRESS 
NOPARALLEL
-- 无法呈现对象 ADMINSYSTEM 的 TABLE DDL。带有 DBMS_METADATA 的 SYS_PERMISSION_GROUP 正在尝试内部生成器。
COMMENT ON COLUMN SYS_PERMISSION_GROUP.ID IS '主键id';
COMMENT ON COLUMN SYS_PERMISSION_GROUP.NAME IS '名称';
COMMENT ON COLUMN SYS_PERMISSION_GROUP.DESCRIPTION IS '描述';
COMMENT ON COLUMN SYS_PERMISSION_GROUP.PARENT_ID IS '父级id';
COMMENT ON COLUMN SYS_PERMISSION_GROUP.IS_FINAL IS '是否可删除';
COMMENT ON COLUMN SYS_PERMISSION_GROUP.RANK IS '排序';
COMMENT ON COLUMN SYS_PERMISSION_GROUP.CREATE_TIME IS '创建时间';
COMMENT ON COLUMN SYS_PERMISSION_GROUP.UPDATE_TIME IS '更新时间';
COMMENT ON COLUMN SYS_PERMISSION_GROUP.CREATE_BY IS '创建人id';
COMMENT ON COLUMN SYS_PERMISSION_GROUP.UPDATE_BY IS '更新人id';
COMMENT ON COLUMN SYS_PERMISSION_GROUP.STATUS IS '数据状态,1:正常,2:删除';CREATE TABLE SYS_PERMISSION_GROUP 
(
  ID NUMBER(*, 0) NOT NULL 
, NAME VARCHAR2(256 BYTE) 
, DESCRIPTION VARCHAR2(256 BYTE) 
, PARENT_ID NUMBER(*, 0) DEFAULT 0 
, IS_FINAL NUMBER(*, 0) DEFAULT 1 
, RANK NUMBER(*, 0) 
, CREATE_TIME TIMESTAMP(6) 
, UPDATE_TIME TIMESTAMP(6) 
, CREATE_BY NUMBER(*, 0) DEFAULT 0 
, UPDATE_BY NUMBER(*, 0) DEFAULT 0 
, STATUS NUMBER(*, 0) DEFAULT 1 
) 
LOGGING 
TABLESPACE USERS 
PCTFREE 10 
INITRANS 1 
STORAGE 
( 
  INITIAL 65536 
  NEXT 1048576 
  MINEXTENTS 1 
  MAXEXTENTS UNLIMITED 
  BUFFER_POOL DEFAULT 
) 
NOCOMPRESS 
NOPARALLEL
-- 无法呈现对象 ADMINSYSTEM 的 TABLE DDL。带有 DBMS_METADATA 的 SYS_ROLE 正在尝试内部生成器。
COMMENT ON COLUMN SYS_ROLE.ID IS '主键id';
COMMENT ON COLUMN SYS_ROLE.DESCRIPTION IS '描述';
COMMENT ON COLUMN SYS_ROLE.NAME IS '名称';
COMMENT ON COLUMN SYS_ROLE.RANK IS '排序';
COMMENT ON COLUMN SYS_ROLE.IS_FINAL IS '是否可删除';
COMMENT ON COLUMN SYS_ROLE.CREATE_TIME IS '创建时间';
COMMENT ON COLUMN SYS_ROLE.UPDATE_TIME IS '更新时间';
COMMENT ON COLUMN SYS_ROLE.CREATE_BY IS '创建人id';
COMMENT ON COLUMN SYS_ROLE.UPDATE_BY IS '更新人id';
COMMENT ON COLUMN SYS_ROLE.STATUS IS '数据状态,1:正常,2:删除';CREATE TABLE SYS_ROLE 
(
  ID NUMBER(*, 0) NOT NULL 
, DESCRIPTION VARCHAR2(256 BYTE) 
, NAME VARCHAR2(256 BYTE) 
, RANK NUMBER(*, 0) DEFAULT 0 
, IS_FINAL NUMBER(*, 0) DEFAULT 1 
, CREATE_TIME TIMESTAMP(6) 
, UPDATE_TIME TIMESTAMP(6) 
, CREATE_BY NUMBER(*, 0) DEFAULT 0 
, UPDATE_BY NUMBER(*, 0) DEFAULT 0 
, STATUS NUMBER(*, 0) DEFAULT 1 
) 
LOGGING 
TABLESPACE USERS 
PCTFREE 10 
INITRANS 1 
STORAGE 
( 
  INITIAL 65536 
  NEXT 1048576 
  MINEXTENTS 1 
  MAXEXTENTS UNLIMITED 
  BUFFER_POOL DEFAULT 
) 
NOCOMPRESS 
NOPARALLEL
-- 无法呈现对象 ADMINSYSTEM 的 TABLE DDL。带有 DBMS_METADATA 的 SYS_ROLE_ORGANIZATION 正在尝试内部生成器。
COMMENT ON COLUMN SYS_ROLE_ORGANIZATION.ID IS '主键id';
COMMENT ON COLUMN SYS_ROLE_ORGANIZATION.SYS_ORGANIZATION_ID IS '组织id';
COMMENT ON COLUMN SYS_ROLE_ORGANIZATION.SYS_ROLE_ID IS '角色id';
COMMENT ON COLUMN SYS_ROLE_ORGANIZATION.PARENT_ID IS '父级id';
COMMENT ON COLUMN SYS_ROLE_ORGANIZATION.NAME IS '名称';
COMMENT ON COLUMN SYS_ROLE_ORGANIZATION.RANK IS '排序';
COMMENT ON COLUMN SYS_ROLE_ORGANIZATION.CREATE_TIME IS '创建时间';
COMMENT ON COLUMN SYS_ROLE_ORGANIZATION.UPDATE_TIME IS '更新时间';
COMMENT ON COLUMN SYS_ROLE_ORGANIZATION.CREATE_BY IS '创建人id';
COMMENT ON COLUMN SYS_ROLE_ORGANIZATION.UPDATE_BY IS '更新人id';
COMMENT ON COLUMN SYS_ROLE_ORGANIZATION.STATUS IS '数据状态,1:正常,2:删除';
COMMENT ON COLUMN SYS_ROLE_ORGANIZATION.IS_FINAL IS '是否能修改';CREATE TABLE SYS_ROLE_ORGANIZATION 
(
  ID NUMBER(*, 0) NOT NULL 
, SYS_ORGANIZATION_ID NUMBER(*, 0) 
, SYS_ROLE_ID NUMBER(*, 0) 
, PARENT_ID NUMBER(*, 0) 
, NAME VARCHAR2(256 BYTE) 
, FULL_NAME VARCHAR2(256 BYTE) 
, DESCRIPTION VARCHAR2(256 BYTE) 
, RANK NUMBER(*, 0) DEFAULT 0 
, CREATE_TIME TIMESTAMP(6) 
, UPDATE_TIME TIMESTAMP(6) 
, CREATE_BY NUMBER(*, 0) DEFAULT 0 
, UPDATE_BY NUMBER(*, 0) DEFAULT 0 
, STATUS NUMBER(*, 0) DEFAULT 1 
, IS_FINAL NUMBER(*, 0) DEFAULT 1 
) 
LOGGING 
TABLESPACE USERS 
PCTFREE 10 
INITRANS 1 
STORAGE 
( 
  INITIAL 65536 
  NEXT 1048576 
  MINEXTENTS 1 
  MAXEXTENTS UNLIMITED 
  BUFFER_POOL DEFAULT 
) 
NOCOMPRESS 
NOPARALLEL
-- 无法呈现对象 ADMINSYSTEM 的 TABLE DDL。带有 DBMS_METADATA 的 SYS_ROLE_PERMISSION 正在尝试内部生成器。
COMMENT ON COLUMN SYS_ROLE_PERMISSION.ID IS '主键id';
COMMENT ON COLUMN SYS_ROLE_PERMISSION.SYS_PERMISSION_ID IS '权限id';
COMMENT ON COLUMN SYS_ROLE_PERMISSION.SYS_ROLE_ID IS '角色id';
COMMENT ON COLUMN SYS_ROLE_PERMISSION.RANK IS '排序';
COMMENT ON COLUMN SYS_ROLE_PERMISSION.CREATE_TIME IS '创建时间';
COMMENT ON COLUMN SYS_ROLE_PERMISSION.UPDATE_TIME IS '更新时间';
COMMENT ON COLUMN SYS_ROLE_PERMISSION.CREATE_BY IS '创建人id';
COMMENT ON COLUMN SYS_ROLE_PERMISSION.UPDATE_BY IS '更新人id';
COMMENT ON COLUMN SYS_ROLE_PERMISSION.STATUS IS '数据状态,1:正常,2:删除';CREATE TABLE SYS_ROLE_PERMISSION 
(
  ID NUMBER(*, 0) NOT NULL 
, SYS_PERMISSION_ID NUMBER(*, 0) 
, SYS_ROLE_ID NUMBER(*, 0) 
, RANK NUMBER(*, 0) DEFAULT 0 
, CREATE_TIME TIMESTAMP(6) 
, UPDATE_TIME TIMESTAMP(6) 
, CREATE_BY NUMBER(*, 0) DEFAULT 0 
, UPDATE_BY NUMBER(*, 0) DEFAULT 0 
, STATUS NUMBER(*, 0) DEFAULT 1 
) 
LOGGING 
TABLESPACE USERS 
PCTFREE 10 
INITRANS 1 
STORAGE 
( 
  INITIAL 65536 
  NEXT 1048576 
  MINEXTENTS 1 
  MAXEXTENTS UNLIMITED 
  BUFFER_POOL DEFAULT 
) 
NOCOMPRESS 
NOPARALLEL
-- 无法呈现对象 ADMINSYSTEM 的 TABLE DDL。带有 DBMS_METADATA 的 SYS_USER 正在尝试内部生成器。
COMMENT ON COLUMN SYS_USER.ID IS '主键id';
COMMENT ON COLUMN SYS_USER.LOGIN_NAME IS '登陆名';
COMMENT ON COLUMN SYS_USER.ZH_NAME IS '中文名';
COMMENT ON COLUMN SYS_USER.EN_NAME IS '英文名';
COMMENT ON COLUMN SYS_USER.SEX IS '性别';
COMMENT ON COLUMN SYS_USER.BIRTH IS '生日';
COMMENT ON COLUMN SYS_USER.EMAIL IS '邮箱';
COMMENT ON COLUMN SYS_USER.PHONE IS '电话';
COMMENT ON COLUMN SYS_USER.ADDRESS IS '地址';
COMMENT ON COLUMN SYS_USER.PASSWORD IS '密码';
COMMENT ON COLUMN SYS_USER.PASSWORD_SALT IS '密码盐';
COMMENT ON COLUMN SYS_USER.RANK IS '排序';
COMMENT ON COLUMN SYS_USER.CREATE_TIME IS '创建时间';
COMMENT ON COLUMN SYS_USER.UPDATE_TIME IS '更新时间';
COMMENT ON COLUMN SYS_USER.CREATE_BY IS '创建人';
COMMENT ON COLUMN SYS_USER.UPDATE_BY IS '更新人';
COMMENT ON COLUMN SYS_USER.STATUS IS '数据状态,1:正常,2:删除,3:禁用账号';
COMMENT ON COLUMN SYS_USER.IS_FINAL IS '是否能修改';CREATE TABLE SYS_USER 
(
  ID NUMBER(*, 0) NOT NULL 
, LOGIN_NAME VARCHAR2(256 BYTE) 
, ZH_NAME VARCHAR2(256 BYTE) 
, EN_NAME VARCHAR2(256 BYTE) 
, SEX NUMBER(*, 0) 
, BIRTH VARCHAR2(50 BYTE) 
, EMAIL VARCHAR2(100 BYTE) 
, PHONE VARCHAR2(50 BYTE) 
, ADDRESS VARCHAR2(256 BYTE) 
, PASSWORD VARCHAR2(100 BYTE) 
, PASSWORD_SALT VARCHAR2(256 BYTE) 
, RANK NUMBER(*, 0) DEFAULT 0 
, CREATE_TIME TIMESTAMP(6) 
, UPDATE_TIME TIMESTAMP(6) 
, CREATE_BY NUMBER(*, 0) DEFAULT 0 
, UPDATE_BY NUMBER(*, 0) DEFAULT 0 
, STATUS NUMBER(*, 0) DEFAULT 1 
, IS_FINAL NUMBER(*, 0) 
) 
LOGGING 
TABLESPACE USERS 
PCTFREE 10 
INITRANS 1 
STORAGE 
( 
  INITIAL 65536 
  NEXT 1048576 
  MINEXTENTS 1 
  MAXEXTENTS UNLIMITED 
  BUFFER_POOL DEFAULT 
) 
NOCOMPRESS 
NOPARALLEL
-- 无法呈现对象 ADMINSYSTEM 的 TABLE DDL。带有 DBMS_METADATA 的 SYS_USER_PERMISSION 正在尝试内部生成器。
COMMENT ON COLUMN SYS_USER_PERMISSION.ID IS '主键id';
COMMENT ON COLUMN SYS_USER_PERMISSION.SYS_USER_ID IS '系统用户的id';
COMMENT ON COLUMN SYS_USER_PERMISSION.RANK IS '排序';
COMMENT ON COLUMN SYS_USER_PERMISSION.CREATE_TIME IS '创建时间';
COMMENT ON COLUMN SYS_USER_PERMISSION.UPDATE_TIME IS '更新时间';
COMMENT ON COLUMN SYS_USER_PERMISSION.CREATE_BY IS '创建人id';
COMMENT ON COLUMN SYS_USER_PERMISSION.UPDATE_BY IS '更新人id';
COMMENT ON COLUMN SYS_USER_PERMISSION.STATUS IS '数据状态,1:正常,2:删除';CREATE TABLE SYS_USER_PERMISSION 
(
  ID NUMBER(*, 0) NOT NULL 
, SYS_USER_ID NUMBER(*, 0) 
, SYS_PERMISSION_ID NUMBER(*, 0) 
, IS_FINAL NUMBER(*, 0) DEFAULT 1 
, RANK NUMBER(*, 0) DEFAULT 0 
, CREATE_TIME TIMESTAMP(6) 
, UPDATE_TIME TIMESTAMP(6) 
, CREATE_BY NUMBER(*, 0) DEFAULT 0 
, UPDATE_BY NUMBER(*, 0) DEFAULT 0 
, STATUS NUMBER(*, 0) DEFAULT 1 
) 
LOGGING 
TABLESPACE USERS 
PCTFREE 10 
INITRANS 1 
STORAGE 
( 
  INITIAL 65536 
  NEXT 1048576 
  MINEXTENTS 1 
  MAXEXTENTS UNLIMITED 
  BUFFER_POOL DEFAULT 
) 
NOCOMPRESS 
NOPARALLEL
-- 无法呈现对象 ADMINSYSTEM 的 TABLE DDL。带有 DBMS_METADATA 的 SYS_USER_ROLE_ORGANIZATION 正在尝试内部生成器。
COMMENT ON COLUMN SYS_USER_ROLE_ORGANIZATION.ID IS '主键id
';
COMMENT ON COLUMN SYS_USER_ROLE_ORGANIZATION.RANK IS '排序';
COMMENT ON COLUMN SYS_USER_ROLE_ORGANIZATION.CREATE_TIME IS '创建时间';
COMMENT ON COLUMN SYS_USER_ROLE_ORGANIZATION.UPDATE_TIME IS '更新时间';
COMMENT ON COLUMN SYS_USER_ROLE_ORGANIZATION.CREATE_BY IS '创建人id';
COMMENT ON COLUMN SYS_USER_ROLE_ORGANIZATION.UPDATE_BY IS '更新人id';
COMMENT ON COLUMN SYS_USER_ROLE_ORGANIZATION.STATUS IS '数据状态,1:正常,2:删除';
COMMENT ON COLUMN SYS_USER_ROLE_ORGANIZATION.IS_FINAL IS '是否能修改';CREATE TABLE SYS_USER_ROLE_ORGANIZATION 
(
  ID NUMBER(*, 0) NOT NULL 
, SYS_USER_ID NUMBER(*, 0) 
, SYS_ROLE_ORGANIZATION_ID NUMBER(*, 0) 
, RANK NUMBER(*, 0) DEFAULT 0 
, CREATE_TIME TIMESTAMP(6) 
, UPDATE_TIME TIMESTAMP(6) 
, CREATE_BY NUMBER(*, 0) DEFAULT 0 
, UPDATE_BY NUMBER(*, 0) DEFAULT 0 
, STATUS NUMBER(*, 0) DEFAULT 1 
, IS_FINAL NUMBER(*, 0) DEFAULT 1 
) 
LOGGING 
TABLESPACE USERS 
PCTFREE 10 
INITRANS 1 
STORAGE 
( 
  INITIAL 65536 
  NEXT 1048576 
  MINEXTENTS 1 
  MAXEXTENTS UNLIMITED 
  BUFFER_POOL DEFAULT 
) 
NOCOMPRESS 
NOPARALLEL
-- 无法呈现对象 ADMINSYSTEM 的 TABLE DDL。带有 DBMS_METADATA 的 T_USER 正在尝试内部生成器。
CREATE TABLE T_USER 
(
  ID VARCHAR2(500 BYTE) 
, NAME VARCHAR2(500 BYTE) 
) 
LOGGING 
TABLESPACE USERS 
PCTFREE 10 
INITRANS 1 
STORAGE 
( 
  INITIAL 65536 
  NEXT 1048576 
  MINEXTENTS 1 
  MAXEXTENTS UNLIMITED 
  BUFFER_POOL DEFAULT 
) 
NOCOMPRESS 
NOPARALLEL
REM INSERTING into ADMINSYSTEM.SYS_DATA_GROUP
SET DEFINE OFF;
Insert into ADMINSYSTEM.SYS_DATA_GROUP (ID,DESCRIPTION,PARENT_ID,NAME,IS_FINAL,RANK,CREATE_TIME,UPDATE_TIME,CREATE_BY,UPDATE_BY,STATUS) values (1,'极限验证',0,'极限验证',2,0,to_date('15-5月 -18','DD-MON-RR'),to_date('15-5月 -18','DD-MON-RR'),0,0,1);
Insert into ADMINSYSTEM.SYS_DATA_GROUP (ID,DESCRIPTION,PARENT_ID,NAME,IS_FINAL,RANK,CREATE_TIME,UPDATE_TIME,CREATE_BY,UPDATE_BY,STATUS) values (2,'日志输出控制',0,'日志',2,0,to_date('15-5月 -18','DD-MON-RR'),to_date('15-5月 -18','DD-MON-RR'),0,0,1);
Insert into ADMINSYSTEM.SYS_DATA_GROUP (ID,DESCRIPTION,PARENT_ID,NAME,IS_FINAL,RANK,CREATE_TIME,UPDATE_TIME,CREATE_BY,UPDATE_BY,STATUS) values (3,'是否开启Ip拦截',0,'IP拦截',2,0,to_date('15-5月 -18','DD-MON-RR'),to_date('15-5月 -18','DD-MON-RR'),0,0,1);
Insert into ADMINSYSTEM.SYS_DATA_GROUP (ID,DESCRIPTION,PARENT_ID,NAME,IS_FINAL,RANK,CREATE_TIME,UPDATE_TIME,CREATE_BY,UPDATE_BY,STATUS) values (4,'系统配置信息',0,'系统',2,0,to_date('15-5月 -18','DD-MON-RR'),to_date('15-5月 -18','DD-MON-RR'),0,0,1);
REM INSERTING into ADMINSYSTEM.SYS_DATA_ITEM
SET DEFINE OFF;
Insert into ADMINSYSTEM.SYS_DATA_ITEM (ID,SYS_DATA_GROUP_ID,KEY_VALUE,KEY_NAME,IS_FINAL,RANK,CREATE_TIME,UPDATE_TIME,CREATE_BY,UPDATE_BY,STATUS,DESCRIPTION) values (1,1,'796c2461adf8051c835e4a758a6091f6','geetest_id',0,0,to_timestamp('15-5月 -18 03.52.50.426000000 下午','DD-MON-RR HH.MI.SSXFF AM'),to_timestamp('15-5月 -18 03.52.59.450000000 下午','DD-MON-RR HH.MI.SSXFF AM'),0,0,1,'geetest_id');
Insert into ADMINSYSTEM.SYS_DATA_ITEM (ID,SYS_DATA_GROUP_ID,KEY_VALUE,KEY_NAME,IS_FINAL,RANK,CREATE_TIME,UPDATE_TIME,CREATE_BY,UPDATE_BY,STATUS,DESCRIPTION) values (2,1,'0edad631bed761ab039d8391dd3103ff','geetest_key',2,0,to_timestamp('15-5月 -18 03.54.19.370000000 下午','DD-MON-RR HH.MI.SSXFF AM'),to_timestamp('15-5月 -18 03.54.21.418000000 下午','DD-MON-RR HH.MI.SSXFF AM'),0,0,1,'geetest_key');
Insert into ADMINSYSTEM.SYS_DATA_ITEM (ID,SYS_DATA_GROUP_ID,KEY_VALUE,KEY_NAME,IS_FINAL,RANK,CREATE_TIME,UPDATE_TIME,CREATE_BY,UPDATE_BY,STATUS,DESCRIPTION) values (3,2,'true','error_detail',2,0,to_timestamp('15-5月 -18 03.55.09.395000000 下午','DD-MON-RR HH.MI.SSXFF AM'),to_timestamp('15-5月 -18 03.55.11.354000000 下午','DD-MON-RR HH.MI.SSXFF AM'),0,0,1,'是否输出错误日志详情');
Insert into ADMINSYSTEM.SYS_DATA_ITEM (ID,SYS_DATA_GROUP_ID,KEY_VALUE,KEY_NAME,IS_FINAL,RANK,CREATE_TIME,UPDATE_TIME,CREATE_BY,UPDATE_BY,STATUS,DESCRIPTION) values (4,3,'true','ip_forbidden',2,0,to_timestamp('15-5月 -18 03.55.48.147000000 下午','DD-MON-RR HH.MI.SSXFF AM'),to_timestamp('15-5月 -18 03.56.52.266000000 下午','DD-MON-RR HH.MI.SSXFF AM'),0,0,1,'是否开启ip拦截');
Insert into ADMINSYSTEM.SYS_DATA_ITEM (ID,SYS_DATA_GROUP_ID,KEY_VALUE,KEY_NAME,IS_FINAL,RANK,CREATE_TIME,UPDATE_TIME,CREATE_BY,UPDATE_BY,STATUS,DESCRIPTION) values (5,4,'/hunt-admin','basePath',2,0,to_timestamp('15-5月 -18 03.57.34.681000000 下午','DD-MON-RR HH.MI.SSXFF AM'),to_timestamp('15-5月 -18 03.57.37.186000000 下午','DD-MON-RR HH.MI.SSXFF AM'),0,0,1,'系统root路径');
REM INSERTING into ADMINSYSTEM.SYS_IP_FORBIDDEN
SET DEFINE OFF;
Insert into ADMINSYSTEM.SYS_IP_FORBIDDEN (ID,IS_FINAL,RANK,CREATE_TIME,UPDATE_TIME,CREATE_BY,UPDATE_BY,STATUS,EXPIRE_TIME,DESCRIPTION,IP) values (1,1,0,to_timestamp('15-5月 -18 04.00.07.275000000 下午','DD-MON-RR HH.MI.SSXFF AM'),to_timestamp('15-5月 -18 04.00.12.794000000 下午','DD-MON-RR HH.MI.SSXFF AM'),0,0,2,to_timestamp('15-5月 -18 04.00.23.057000000 下午','DD-MON-RR HH.MI.SSXFF AM'),'描述','127.0.0.1');
Insert into ADMINSYSTEM.SYS_IP_FORBIDDEN (ID,IS_FINAL,RANK,CREATE_TIME,UPDATE_TIME,CREATE_BY,UPDATE_BY,STATUS,EXPIRE_TIME,DESCRIPTION,IP) values (2,1,0,to_timestamp('15-5月 -18 04.00.56.234000000 下午','DD-MON-RR HH.MI.SSXFF AM'),null,0,0,1,to_timestamp('15-5月 -18 04.01.05.866000000 下午','DD-MON-RR HH.MI.SSXFF AM'),'1','110.168.1.29');
REM INSERTING into ADMINSYSTEM.SYS_LOG
SET DEFINE OFF;
Insert into ADMINSYSTEM.SYS_LOG (ID,RANK,CREATE_TIME,UPDATE_TIME,CREATE_BY,UPDATE_BY,STATUS,IP,USER_ID,METHOD,DURATION,URL,USER_AGENT) values (14,0,null,null,0,0,1,'0:0:0:0:0:0:0:1',null,'com.hunt.controller.OrganizationController.list',97,'http://localhost:8080/organization/list','Mozilla/5.0 (Windows NT 10.0; WOW64) AppleWebKit/537.36 (KHTML, like Gecko) Chrome/66.0.3359.139 Safari/537.36');
Insert into ADMINSYSTEM.SYS_LOG (ID,RANK,CREATE_TIME,UPDATE_TIME,CREATE_BY,UPDATE_BY,STATUS,IP,USER_ID,METHOD,DURATION,URL,USER_AGENT) values (28,0,null,null,0,0,1,'0:0:0:0:0:0:0:1',null,'com.hunt.controller.JobController.list',103,'http://localhost:8080/job/list','Mozilla/5.0 (Windows NT 10.0; WOW64) AppleWebKit/537.36 (KHTML, like Gecko) Chrome/66.0.3359.139 Safari/537.36');
Insert into ADMINSYSTEM.SYS_LOG (ID,RANK,CREATE_TIME,UPDATE_TIME,CREATE_BY,UPDATE_BY,STATUS,IP,USER_ID,METHOD,DURATION,URL,USER_AGENT) values (29,0,null,null,0,0,1,'0:0:0:0:0:0:0:1',null,'com.hunt.controller.RoleController.list',196,'http://localhost:8080/role/list','Mozilla/5.0 (Windows NT 10.0; WOW64) AppleWebKit/537.36 (KHTML, like Gecko) Chrome/66.0.3359.139 Safari/537.36');
Insert into ADMINSYSTEM.SYS_LOG (ID,RANK,CREATE_TIME,UPDATE_TIME,CREATE_BY,UPDATE_BY,STATUS,IP,USER_ID,METHOD,DURATION,URL,USER_AGENT) values (30,0,null,null,0,0,1,'0:0:0:0:0:0:0:1',null,'com.hunt.controller.SystemController.data',1,'http://localhost:8080/system/data','Mozilla/5.0 (Windows NT 10.0; WOW64) AppleWebKit/537.36 (KHTML, like Gecko) Chrome/66.0.3359.139 Safari/537.36');
Insert into ADMINSYSTEM.SYS_LOG (ID,RANK,CREATE_TIME,UPDATE_TIME,CREATE_BY,UPDATE_BY,STATUS,IP,USER_ID,METHOD,DURATION,URL,USER_AGENT) values (17,0,null,null,0,0,1,'0:0:0:0:0:0:0:1',null,'com.hunt.controller.OrganizationController.list',35,'http://localhost:8080/organization/list','Mozilla/5.0 (Windows NT 10.0; WOW64) AppleWebKit/537.36 (KHTML, like Gecko) Chrome/66.0.3359.139 Safari/537.36');
Insert into ADMINSYSTEM.SYS_LOG (ID,RANK,CREATE_TIME,UPDATE_TIME,CREATE_BY,UPDATE_BY,STATUS,IP,USER_ID,METHOD,DURATION,URL,USER_AGENT) values (19,0,null,null,0,0,1,'0:0:0:0:0:0:0:1',null,'com.hunt.controller.PermissionController.list',49,'http://localhost:8080/permission/list','Mozilla/5.0 (Windows NT 10.0; WOW64) AppleWebKit/537.36 (KHTML, like Gecko) Chrome/66.0.3359.139 Safari/537.36');
Insert into ADMINSYSTEM.SYS_LOG (ID,RANK,CREATE_TIME,UPDATE_TIME,CREATE_BY,UPDATE_BY,STATUS,IP,USER_ID,METHOD,DURATION,URL,USER_AGENT) values (21,0,null,null,0,0,1,'0:0:0:0:0:0:0:1',null,'com.hunt.controller.PermissionController.selectGroup',15,'http://localhost:8080/permission/group/list','Mozilla/5.0 (Windows NT 10.0; WOW64) AppleWebKit/537.36 (KHTML, like Gecko) Chrome/66.0.3359.139 Safari/537.36');
Insert into ADMINSYSTEM.SYS_LOG (ID,RANK,CREATE_TIME,UPDATE_TIME,CREATE_BY,UPDATE_BY,STATUS,IP,USER_ID,METHOD,DURATION,URL,USER_AGENT) values (22,0,null,null,0,0,1,'0:0:0:0:0:0:0:1',null,'com.hunt.controller.SystemController.captcha',169,'http://localhost:8080/system/captcha','Mozilla/5.0 (Windows NT 10.0; WOW64) AppleWebKit/537.36 (KHTML, like Gecko) Chrome/66.0.3359.139 Safari/537.36');
Insert into ADMINSYSTEM.SYS_LOG (ID,RANK,CREATE_TIME,UPDATE_TIME,CREATE_BY,UPDATE_BY,STATUS,IP,USER_ID,METHOD,DURATION,URL,USER_AGENT) values (24,0,null,null,0,0,1,'0:0:0:0:0:0:0:1',null,'com.hunt.controller.SystemController.login',178,'http://localhost:8080/system/login','Mozilla/5.0 (Windows NT 10.0; WOW64) AppleWebKit/537.36 (KHTML, like Gecko) Chrome/66.0.3359.139 Safari/537.36');
Insert into ADMINSYSTEM.SYS_LOG (ID,RANK,CREATE_TIME,UPDATE_TIME,CREATE_BY,UPDATE_BY,STATUS,IP,USER_ID,METHOD,DURATION,URL,USER_AGENT) values (25,0,null,null,0,0,1,'0:0:0:0:0:0:0:1',null,'com.hunt.controller.SystemController.index',0,'http://localhost:8080/system/welcome','Mozilla/5.0 (Windows NT 10.0; WOW64) AppleWebKit/537.36 (KHTML, like Gecko) Chrome/66.0.3359.139 Safari/537.36');
Insert into ADMINSYSTEM.SYS_LOG (ID,RANK,CREATE_TIME,UPDATE_TIME,CREATE_BY,UPDATE_BY,STATUS,IP,USER_ID,METHOD,DURATION,URL,USER_AGENT) values (26,0,null,null,0,0,1,'0:0:0:0:0:0:0:1',null,'com.hunt.controller.JobController.job',3,'http://localhost:8080/job/job','Mozilla/5.0 (Windows NT 10.0; WOW64) AppleWebKit/537.36 (KHTML, like Gecko) Chrome/66.0.3359.139 Safari/537.36');
Insert into ADMINSYSTEM.SYS_LOG (ID,RANK,CREATE_TIME,UPDATE_TIME,CREATE_BY,UPDATE_BY,STATUS,IP,USER_ID,METHOD,DURATION,URL,USER_AGENT) values (31,0,null,null,0,0,1,'0:0:0:0:0:0:0:1',null,'com.hunt.controller.SystemController.dataGroupList',14,'http://localhost:8080/system/dataGroup/list','Mozilla/5.0 (Windows NT 10.0; WOW64) AppleWebKit/537.36 (KHTML, like Gecko) Chrome/66.0.3359.139 Safari/537.36');
Insert into ADMINSYSTEM.SYS_LOG (ID,RANK,CREATE_TIME,UPDATE_TIME,CREATE_BY,UPDATE_BY,STATUS,IP,USER_ID,METHOD,DURATION,URL,USER_AGENT) values (41,0,null,null,0,0,1,'0:0:0:0:0:0:0:1',null,'com.hunt.controller.SystemController.captcha',208,'http://localhost:8080/system/captcha','Mozilla/5.0 (Windows NT 10.0; WOW64) AppleWebKit/537.36 (KHTML, like Gecko) Chrome/66.0.3359.181 Safari/537.36');
Insert into ADMINSYSTEM.SYS_LOG (ID,RANK,CREATE_TIME,UPDATE_TIME,CREATE_BY,UPDATE_BY,STATUS,IP,USER_ID,METHOD,DURATION,URL,USER_AGENT) values (43,0,null,null,0,0,1,'0:0:0:0:0:0:0:1',null,'com.hunt.controller.SystemController.login',353,'http://localhost:8080/system/login','Mozilla/5.0 (Windows NT 10.0; WOW64) AppleWebKit/537.36 (KHTML, like Gecko) Chrome/66.0.3359.181 Safari/537.36');
Insert into ADMINSYSTEM.SYS_LOG (ID,RANK,CREATE_TIME,UPDATE_TIME,CREATE_BY,UPDATE_BY,STATUS,IP,USER_ID,METHOD,DURATION,URL,USER_AGENT) values (44,0,null,null,0,0,1,'0:0:0:0:0:0:0:1',null,'com.hunt.controller.SystemController.index',0,'http://localhost:8080/system/welcome','Mozilla/5.0 (Windows NT 10.0; WOW64) AppleWebKit/537.36 (KHTML, like Gecko) Chrome/66.0.3359.181 Safari/537.36');
Insert into ADMINSYSTEM.SYS_LOG (ID,RANK,CREATE_TIME,UPDATE_TIME,CREATE_BY,UPDATE_BY,STATUS,IP,USER_ID,METHOD,DURATION,URL,USER_AGENT) values (4,0,null,null,0,0,1,'0:0:0:0:0:0:0:1',null,'com.hunt.controller.SystemController.captcha',196,'http://localhost:8080/system/captcha','Mozilla/5.0 (Windows NT 10.0; WOW64) AppleWebKit/537.36 (KHTML, like Gecko) Chrome/66.0.3359.139 Safari/537.36');
Insert into ADMINSYSTEM.SYS_LOG (ID,RANK,CREATE_TIME,UPDATE_TIME,CREATE_BY,UPDATE_BY,STATUS,IP,USER_ID,METHOD,DURATION,URL,USER_AGENT) values (6,0,null,null,0,0,1,'0:0:0:0:0:0:0:1',null,'com.hunt.controller.SystemController.login',343,'http://localhost:8080/system/login','Mozilla/5.0 (Windows NT 10.0; WOW64) AppleWebKit/537.36 (KHTML, like Gecko) Chrome/66.0.3359.139 Safari/537.36');
Insert into ADMINSYSTEM.SYS_LOG (ID,RANK,CREATE_TIME,UPDATE_TIME,CREATE_BY,UPDATE_BY,STATUS,IP,USER_ID,METHOD,DURATION,URL,USER_AGENT) values (7,0,null,null,0,0,1,'0:0:0:0:0:0:0:1',null,'com.hunt.controller.SystemController.index',0,'http://localhost:8080/system/welcome','Mozilla/5.0 (Windows NT 10.0; WOW64) AppleWebKit/537.36 (KHTML, like Gecko) Chrome/66.0.3359.139 Safari/537.36');
Insert into ADMINSYSTEM.SYS_LOG (ID,RANK,CREATE_TIME,UPDATE_TIME,CREATE_BY,UPDATE_BY,STATUS,IP,USER_ID,METHOD,DURATION,URL,USER_AGENT) values (8,0,null,null,0,0,1,'0:0:0:0:0:0:0:1',null,'com.hunt.controller.UserController.user',17,'http://localhost:8080/user/user','Mozilla/5.0 (Windows NT 10.0; WOW64) AppleWebKit/537.36 (KHTML, like Gecko) Chrome/66.0.3359.139 Safari/537.36');
Insert into ADMINSYSTEM.SYS_LOG (ID,RANK,CREATE_TIME,UPDATE_TIME,CREATE_BY,UPDATE_BY,STATUS,IP,USER_ID,METHOD,DURATION,URL,USER_AGENT) values (9,0,null,null,0,0,1,'0:0:0:0:0:0:0:1',null,'com.hunt.controller.PermissionController.list',177,'http://localhost:8080/permission/list','Mozilla/5.0 (Windows NT 10.0; WOW64) AppleWebKit/537.36 (KHTML, like Gecko) Chrome/66.0.3359.139 Safari/537.36');
Insert into ADMINSYSTEM.SYS_LOG (ID,RANK,CREATE_TIME,UPDATE_TIME,CREATE_BY,UPDATE_BY,STATUS,IP,USER_ID,METHOD,DURATION,URL,USER_AGENT) values (13,0,null,null,0,0,1,'0:0:0:0:0:0:0:1',null,'com.hunt.controller.JobController.list',123,'http://localhost:8080/job/list','Mozilla/5.0 (Windows NT 10.0; WOW64) AppleWebKit/537.36 (KHTML, like Gecko) Chrome/66.0.3359.139 Safari/537.36');
Insert into ADMINSYSTEM.SYS_LOG (ID,RANK,CREATE_TIME,UPDATE_TIME,CREATE_BY,UPDATE_BY,STATUS,IP,USER_ID,METHOD,DURATION,URL,USER_AGENT) values (27,0,null,null,0,0,1,'0:0:0:0:0:0:0:1',null,'com.hunt.controller.OrganizationController.list',65,'http://localhost:8080/organization/list','Mozilla/5.0 (Windows NT 10.0; WOW64) AppleWebKit/537.36 (KHTML, like Gecko) Chrome/66.0.3359.139 Safari/537.36');
Insert into ADMINSYSTEM.SYS_LOG (ID,RANK,CREATE_TIME,UPDATE_TIME,CREATE_BY,UPDATE_BY,STATUS,IP,USER_ID,METHOD,DURATION,URL,USER_AGENT) values (10,0,null,null,0,0,1,'0:0:0:0:0:0:0:1',null,'com.hunt.controller.JobController.list',159,'http://localhost:8080/job/list','Mozilla/5.0 (Windows NT 10.0; WOW64) AppleWebKit/537.36 (KHTML, like Gecko) Chrome/66.0.3359.139 Safari/537.36');
Insert into ADMINSYSTEM.SYS_LOG (ID,RANK,CREATE_TIME,UPDATE_TIME,CREATE_BY,UPDATE_BY,STATUS,IP,USER_ID,METHOD,DURATION,URL,USER_AGENT) values (2,0,null,null,0,0,1,'0:0:0:0:0:0:0:1',null,'com.hunt.controller.SystemController.login',149,'http://localhost:8080/system/login','Mozilla/5.0 (Windows NT 10.0; WOW64) AppleWebKit/537.36 (KHTML, like Gecko) Chrome/66.0.3359.139 Safari/537.36');
Insert into ADMINSYSTEM.SYS_LOG (ID,RANK,CREATE_TIME,UPDATE_TIME,CREATE_BY,UPDATE_BY,STATUS,IP,USER_ID,METHOD,DURATION,URL,USER_AGENT) values (3,0,null,null,0,0,1,'0:0:0:0:0:0:0:1',null,'com.hunt.controller.SystemController.captcha',147,'http://localhost:8080/system/captcha','Mozilla/5.0 (Windows NT 10.0; WOW64) AppleWebKit/537.36 (KHTML, like Gecko) Chrome/66.0.3359.139 Safari/537.36');
Insert into ADMINSYSTEM.SYS_LOG (ID,RANK,CREATE_TIME,UPDATE_TIME,CREATE_BY,UPDATE_BY,STATUS,IP,USER_ID,METHOD,DURATION,URL,USER_AGENT) values (11,0,null,null,0,0,1,'0:0:0:0:0:0:0:1',null,'com.hunt.controller.PermissionController.list',95,'http://localhost:8080/permission/list','Mozilla/5.0 (Windows NT 10.0; WOW64) AppleWebKit/537.36 (KHTML, like Gecko) Chrome/66.0.3359.139 Safari/537.36');
Insert into ADMINSYSTEM.SYS_LOG (ID,RANK,CREATE_TIME,UPDATE_TIME,CREATE_BY,UPDATE_BY,STATUS,IP,USER_ID,METHOD,DURATION,URL,USER_AGENT) values (12,0,null,null,0,0,1,'0:0:0:0:0:0:0:1',null,'com.hunt.controller.JobController.job',3,'http://localhost:8080/job/job','Mozilla/5.0 (Windows NT 10.0; WOW64) AppleWebKit/537.36 (KHTML, like Gecko) Chrome/66.0.3359.139 Safari/537.36');
Insert into ADMINSYSTEM.SYS_LOG (ID,RANK,CREATE_TIME,UPDATE_TIME,CREATE_BY,UPDATE_BY,STATUS,IP,USER_ID,METHOD,DURATION,URL,USER_AGENT) values (15,0,null,null,0,0,1,'0:0:0:0:0:0:0:1',null,'com.hunt.controller.RoleController.list',253,'http://localhost:8080/role/list','Mozilla/5.0 (Windows NT 10.0; WOW64) AppleWebKit/537.36 (KHTML, like Gecko) Chrome/66.0.3359.139 Safari/537.36');
Insert into ADMINSYSTEM.SYS_LOG (ID,RANK,CREATE_TIME,UPDATE_TIME,CREATE_BY,UPDATE_BY,STATUS,IP,USER_ID,METHOD,DURATION,URL,USER_AGENT) values (16,0,null,null,0,0,1,'0:0:0:0:0:0:0:1',null,'com.hunt.controller.OrganizationController.organization',3,'http://localhost:8080/organization/organization','Mozilla/5.0 (Windows NT 10.0; WOW64) AppleWebKit/537.36 (KHTML, like Gecko) Chrome/66.0.3359.139 Safari/537.36');
Insert into ADMINSYSTEM.SYS_LOG (ID,RANK,CREATE_TIME,UPDATE_TIME,CREATE_BY,UPDATE_BY,STATUS,IP,USER_ID,METHOD,DURATION,URL,USER_AGENT) values (18,0,null,null,0,0,1,'0:0:0:0:0:0:0:1',null,'com.hunt.controller.RoleController.role',4,'http://localhost:8080/role/role','Mozilla/5.0 (Windows NT 10.0; WOW64) AppleWebKit/537.36 (KHTML, like Gecko) Chrome/66.0.3359.139 Safari/537.36');
Insert into ADMINSYSTEM.SYS_LOG (ID,RANK,CREATE_TIME,UPDATE_TIME,CREATE_BY,UPDATE_BY,STATUS,IP,USER_ID,METHOD,DURATION,URL,USER_AGENT) values (20,0,null,null,0,0,1,'0:0:0:0:0:0:0:1',null,'com.hunt.controller.PermissionController.permission',3,'http://localhost:8080/permission/permission','Mozilla/5.0 (Windows NT 10.0; WOW64) AppleWebKit/537.36 (KHTML, like Gecko) Chrome/66.0.3359.139 Safari/537.36');
REM INSERTING into ADMINSYSTEM.SYS_LOGIN_STATUS
SET DEFINE OFF;
Insert into ADMINSYSTEM.SYS_LOGIN_STATUS (ID,SYS_USER_ID,SESSION_ID,SESSION_EXPIRES,SYS_USER_LOGIN_NAME,SYS_USER_ZH_NAME,LAST_LOGIN_TIME,PLATFORM,RANK,CREATE_TIME,UPDATE_TIME,CREATE_BY,UPDATE_BY,STATUS) values (63,1,'shiro-session-2236f65f-c4f0-4675-bc83-14a4a7a6557c',to_timestamp('29-10月-16 11.45.09.000000000 上午','DD-MON-RR HH.MI.SSXFF AM'),'admin','admin',to_timestamp('29-10月-16 11.45.09.000000000 上午','DD-MON-RR HH.MI.SSXFF AM'),1,0,to_timestamp('29-10月-16 11.45.09.000000000 上午','DD-MON-RR HH.MI.SSXFF AM'),to_timestamp('29-10月-16 11.45.09.000000000 上午','DD-MON-RR HH.MI.SSXFF AM'),0,0,2);
Insert into ADMINSYSTEM.SYS_LOGIN_STATUS (ID,SYS_USER_ID,SESSION_ID,SESSION_EXPIRES,SYS_USER_LOGIN_NAME,SYS_USER_ZH_NAME,LAST_LOGIN_TIME,PLATFORM,RANK,CREATE_TIME,UPDATE_TIME,CREATE_BY,UPDATE_BY,STATUS) values (64,1,'shiro-session-9e54b677-ce8a-4be1-b9ae-dfc0bf67375a',to_timestamp('29-10月-16 11.45.09.000000000 上午','DD-MON-RR HH.MI.SSXFF AM'),'admin','admin',to_timestamp('29-10月-16 11.45.09.000000000 上午','DD-MON-RR HH.MI.SSXFF AM'),1,0,to_timestamp('29-10月-16 11.45.09.000000000 上午','DD-MON-RR HH.MI.SSXFF AM'),to_timestamp('29-10月-16 11.45.09.000000000 上午','DD-MON-RR HH.MI.SSXFF AM'),0,0,2);
Insert into ADMINSYSTEM.SYS_LOGIN_STATUS (ID,SYS_USER_ID,SESSION_ID,SESSION_EXPIRES,SYS_USER_LOGIN_NAME,SYS_USER_ZH_NAME,LAST_LOGIN_TIME,PLATFORM,RANK,CREATE_TIME,UPDATE_TIME,CREATE_BY,UPDATE_BY,STATUS) values (65,1,'shiro-session-a5f22afa-a57f-4c84-adc9-62542e1ac2a6',to_timestamp('29-10月-16 11.45.09.000000000 上午','DD-MON-RR HH.MI.SSXFF AM'),'admin','admin',to_timestamp('29-10月-16 11.45.09.000000000 上午','DD-MON-RR HH.MI.SSXFF AM'),1,0,to_timestamp('29-10月-16 11.45.09.000000000 上午','DD-MON-RR HH.MI.SSXFF AM'),to_timestamp('29-10月-16 11.45.09.000000000 上午','DD-MON-RR HH.MI.SSXFF AM'),0,0,2);
Insert into ADMINSYSTEM.SYS_LOGIN_STATUS (ID,SYS_USER_ID,SESSION_ID,SESSION_EXPIRES,SYS_USER_LOGIN_NAME,SYS_USER_ZH_NAME,LAST_LOGIN_TIME,PLATFORM,RANK,CREATE_TIME,UPDATE_TIME,CREATE_BY,UPDATE_BY,STATUS) values (66,1,'shiro-session-899d3869-b9ae-4ca8-abe3-ffa1fab77f64',to_timestamp('29-10月-16 11.45.09.000000000 上午','DD-MON-RR HH.MI.SSXFF AM'),'admin','admin',to_timestamp('29-10月-16 11.45.09.000000000 上午','DD-MON-RR HH.MI.SSXFF AM'),1,0,to_timestamp('29-10月-16 11.45.09.000000000 上午','DD-MON-RR HH.MI.SSXFF AM'),to_timestamp('29-10月-16 11.45.09.000000000 上午','DD-MON-RR HH.MI.SSXFF AM'),0,0,2);
Insert into ADMINSYSTEM.SYS_LOGIN_STATUS (ID,SYS_USER_ID,SESSION_ID,SESSION_EXPIRES,SYS_USER_LOGIN_NAME,SYS_USER_ZH_NAME,LAST_LOGIN_TIME,PLATFORM,RANK,CREATE_TIME,UPDATE_TIME,CREATE_BY,UPDATE_BY,STATUS) values (67,1,'shiro-session-899d3869-b9ae-4ca8-abe3-ffa1fab77f64',to_timestamp('29-10月-16 11.45.09.000000000 上午','DD-MON-RR HH.MI.SSXFF AM'),'admin','admin',to_timestamp('29-10月-16 11.45.09.000000000 上午','DD-MON-RR HH.MI.SSXFF AM'),1,0,to_timestamp('29-10月-16 11.45.09.000000000 上午','DD-MON-RR HH.MI.SSXFF AM'),to_timestamp('29-10月-16 11.45.09.000000000 上午','DD-MON-RR HH.MI.SSXFF AM'),0,0,2);
Insert into ADMINSYSTEM.SYS_LOGIN_STATUS (ID,SYS_USER_ID,SESSION_ID,SESSION_EXPIRES,SYS_USER_LOGIN_NAME,SYS_USER_ZH_NAME,LAST_LOGIN_TIME,PLATFORM,RANK,CREATE_TIME,UPDATE_TIME,CREATE_BY,UPDATE_BY,STATUS) values (68,1,'shiro-session-7b709e05-1a9e-48d0-9ad7-2430c269bc50',to_timestamp('29-10月-16 11.45.09.000000000 上午','DD-MON-RR HH.MI.SSXFF AM'),'admin','admin',to_timestamp('29-10月-16 11.45.09.000000000 上午','DD-MON-RR HH.MI.SSXFF AM'),1,0,to_timestamp('29-10月-16 11.45.09.000000000 上午','DD-MON-RR HH.MI.SSXFF AM'),to_timestamp('29-10月-16 11.45.09.000000000 上午','DD-MON-RR HH.MI.SSXFF AM'),0,0,2);
Insert into ADMINSYSTEM.SYS_LOGIN_STATUS (ID,SYS_USER_ID,SESSION_ID,SESSION_EXPIRES,SYS_USER_LOGIN_NAME,SYS_USER_ZH_NAME,LAST_LOGIN_TIME,PLATFORM,RANK,CREATE_TIME,UPDATE_TIME,CREATE_BY,UPDATE_BY,STATUS) values (69,1,'shiro-session-66a50393-bd5d-4360-9ad1-1227f786668d',to_timestamp('29-10月-16 11.45.09.000000000 上午','DD-MON-RR HH.MI.SSXFF AM'),'admin','admin',to_timestamp('29-10月-16 11.45.09.000000000 上午','DD-MON-RR HH.MI.SSXFF AM'),1,0,to_timestamp('29-10月-16 11.45.09.000000000 上午','DD-MON-RR HH.MI.SSXFF AM'),to_timestamp('29-10月-16 11.45.09.000000000 上午','DD-MON-RR HH.MI.SSXFF AM'),0,0,2);
Insert into ADMINSYSTEM.SYS_LOGIN_STATUS (ID,SYS_USER_ID,SESSION_ID,SESSION_EXPIRES,SYS_USER_LOGIN_NAME,SYS_USER_ZH_NAME,LAST_LOGIN_TIME,PLATFORM,RANK,CREATE_TIME,UPDATE_TIME,CREATE_BY,UPDATE_BY,STATUS) values (70,1,'shiro-session-207374bd-4324-4087-88f4-fc675436f8b7',to_timestamp('29-10月-16 11.45.09.000000000 上午','DD-MON-RR HH.MI.SSXFF AM'),'admin','admin',to_timestamp('29-10月-16 11.45.09.000000000 上午','DD-MON-RR HH.MI.SSXFF AM'),1,0,to_timestamp('29-10月-16 11.45.09.000000000 上午','DD-MON-RR HH.MI.SSXFF AM'),to_timestamp('29-10月-16 11.45.09.000000000 上午','DD-MON-RR HH.MI.SSXFF AM'),0,0,2);
Insert into ADMINSYSTEM.SYS_LOGIN_STATUS (ID,SYS_USER_ID,SESSION_ID,SESSION_EXPIRES,SYS_USER_LOGIN_NAME,SYS_USER_ZH_NAME,LAST_LOGIN_TIME,PLATFORM,RANK,CREATE_TIME,UPDATE_TIME,CREATE_BY,UPDATE_BY,STATUS) values (71,2,'shiro-session-ba247205-7150-4f7a-8571-a69f5572dd30',to_timestamp('29-10月-16 11.45.09.000000000 上午','DD-MON-RR HH.MI.SSXFF AM'),'admin2','admin2管理员',null,1,0,to_timestamp('29-10月-16 11.45.09.000000000 上午','DD-MON-RR HH.MI.SSXFF AM'),to_timestamp('29-10月-16 11.45.09.000000000 上午','DD-MON-RR HH.MI.SSXFF AM'),0,0,1);
Insert into ADMINSYSTEM.SYS_LOGIN_STATUS (ID,SYS_USER_ID,SESSION_ID,SESSION_EXPIRES,SYS_USER_LOGIN_NAME,SYS_USER_ZH_NAME,LAST_LOGIN_TIME,PLATFORM,RANK,CREATE_TIME,UPDATE_TIME,CREATE_BY,UPDATE_BY,STATUS) values (23,1,'shiro-session-7ecb139d-b150-4efe-b785-2005acf84771',to_timestamp('15-6月 -18 12.00.28.952000000 下午','DD-MON-RR HH.MI.SSXFF AM'),'admin','admin',null,1,0,null,null,0,0,null);
Insert into ADMINSYSTEM.SYS_LOGIN_STATUS (ID,SYS_USER_ID,SESSION_ID,SESSION_EXPIRES,SYS_USER_LOGIN_NAME,SYS_USER_ZH_NAME,LAST_LOGIN_TIME,PLATFORM,RANK,CREATE_TIME,UPDATE_TIME,CREATE_BY,UPDATE_BY,STATUS) values (5,1,'shiro-session-7ecb139d-b150-4efe-b785-2005acf84771',to_timestamp('15-6月 -18 11.58.59.177000000 上午','DD-MON-RR HH.MI.SSXFF AM'),'admin','admin',to_timestamp('29-10月-16 11.45.09.000000000 上午','DD-MON-RR HH.MI.SSXFF AM'),1,0,null,null,0,0,null);
Insert into ADMINSYSTEM.SYS_LOGIN_STATUS (ID,SYS_USER_ID,SESSION_ID,SESSION_EXPIRES,SYS_USER_LOGIN_NAME,SYS_USER_ZH_NAME,LAST_LOGIN_TIME,PLATFORM,RANK,CREATE_TIME,UPDATE_TIME,CREATE_BY,UPDATE_BY,STATUS) values (42,1,'shiro-session-6f44686b-535d-4ae7-963b-aa453ba8f6aa',to_timestamp('24-6月 -18 10.16.55.270000000 上午','DD-MON-RR HH.MI.SSXFF AM'),'admin','admin',null,1,0,null,null,0,0,null);
Insert into ADMINSYSTEM.SYS_LOGIN_STATUS (ID,SYS_USER_ID,SESSION_ID,SESSION_EXPIRES,SYS_USER_LOGIN_NAME,SYS_USER_ZH_NAME,LAST_LOGIN_TIME,PLATFORM,RANK,CREATE_TIME,UPDATE_TIME,CREATE_BY,UPDATE_BY,STATUS) values (1,1,'shiro-session-3899310f-ffbd-4e31-8a48-8757dd3ee76a',to_timestamp('29-10月-16 11.45.09.000000000 上午','DD-MON-RR HH.MI.SSXFF AM'),'admin','admin',null,1,0,to_timestamp('29-10月-16 11.45.09.000000000 上午','DD-MON-RR HH.MI.SSXFF AM'),to_timestamp('29-10月-16 11.45.09.000000000 上午','DD-MON-RR HH.MI.SSXFF AM'),0,0,2);
Insert into ADMINSYSTEM.SYS_LOGIN_STATUS (ID,SYS_USER_ID,SESSION_ID,SESSION_EXPIRES,SYS_USER_LOGIN_NAME,SYS_USER_ZH_NAME,LAST_LOGIN_TIME,PLATFORM,RANK,CREATE_TIME,UPDATE_TIME,CREATE_BY,UPDATE_BY,STATUS) values (2,1,'shiro-session-2ddf3787-909a-477c-846c-262e8eff01c8',to_timestamp('29-10月-16 11.45.09.000000000 上午','DD-MON-RR HH.MI.SSXFF AM'),'admin','admin',to_timestamp('29-10月-16 11.45.09.000000000 上午','DD-MON-RR HH.MI.SSXFF AM'),1,0,to_timestamp('29-10月-16 11.45.09.000000000 上午','DD-MON-RR HH.MI.SSXFF AM'),to_timestamp('29-10月-16 11.45.09.000000000 上午','DD-MON-RR HH.MI.SSXFF AM'),0,0,2);
Insert into ADMINSYSTEM.SYS_LOGIN_STATUS (ID,SYS_USER_ID,SESSION_ID,SESSION_EXPIRES,SYS_USER_LOGIN_NAME,SYS_USER_ZH_NAME,LAST_LOGIN_TIME,PLATFORM,RANK,CREATE_TIME,UPDATE_TIME,CREATE_BY,UPDATE_BY,STATUS) values (3,1,'shiro-session-55fc131f-65d4-49f6-98dc-4a5154a31cdb',to_timestamp('29-10月-16 11.45.09.000000000 上午','DD-MON-RR HH.MI.SSXFF AM'),'admin','admin',to_timestamp('29-10月-16 11.45.09.000000000 上午','DD-MON-RR HH.MI.SSXFF AM'),1,0,to_timestamp('29-10月-16 11.45.09.000000000 上午','DD-MON-RR HH.MI.SSXFF AM'),to_timestamp('29-10月-16 11.45.09.000000000 上午','DD-MON-RR HH.MI.SSXFF AM'),0,0,2);
Insert into ADMINSYSTEM.SYS_LOGIN_STATUS (ID,SYS_USER_ID,SESSION_ID,SESSION_EXPIRES,SYS_USER_LOGIN_NAME,SYS_USER_ZH_NAME,LAST_LOGIN_TIME,PLATFORM,RANK,CREATE_TIME,UPDATE_TIME,CREATE_BY,UPDATE_BY,STATUS) values (4,1,'shiro-session-dca16dbf-c520-4fcd-99d7-d86d08781093',to_timestamp('29-10月-16 11.45.09.000000000 上午','DD-MON-RR HH.MI.SSXFF AM'),'admin','admin',to_timestamp('29-10月-16 11.45.09.000000000 上午','DD-MON-RR HH.MI.SSXFF AM'),1,0,to_timestamp('29-10月-16 11.45.09.000000000 上午','DD-MON-RR HH.MI.SSXFF AM'),to_timestamp('29-10月-16 11.45.09.000000000 上午','DD-MON-RR HH.MI.SSXFF AM'),0,0,2);
Insert into ADMINSYSTEM.SYS_LOGIN_STATUS (ID,SYS_USER_ID,SESSION_ID,SESSION_EXPIRES,SYS_USER_LOGIN_NAME,SYS_USER_ZH_NAME,LAST_LOGIN_TIME,PLATFORM,RANK,CREATE_TIME,UPDATE_TIME,CREATE_BY,UPDATE_BY,STATUS) values (5,1,'shiro-session-dca16dbf-c520-4fcd-99d7-d86d08781093',to_timestamp('29-10月-16 11.45.09.000000000 上午','DD-MON-RR HH.MI.SSXFF AM'),'admin','admin',to_timestamp('29-10月-16 11.45.09.000000000 上午','DD-MON-RR HH.MI.SSXFF AM'),1,0,to_timestamp('29-10月-16 11.45.09.000000000 上午','DD-MON-RR HH.MI.SSXFF AM'),to_timestamp('29-10月-16 11.45.09.000000000 上午','DD-MON-RR HH.MI.SSXFF AM'),0,0,2);
Insert into ADMINSYSTEM.SYS_LOGIN_STATUS (ID,SYS_USER_ID,SESSION_ID,SESSION_EXPIRES,SYS_USER_LOGIN_NAME,SYS_USER_ZH_NAME,LAST_LOGIN_TIME,PLATFORM,RANK,CREATE_TIME,UPDATE_TIME,CREATE_BY,UPDATE_BY,STATUS) values (6,2,'shiro-session-dca16dbf-c520-4fcd-99d7-d86d08781093',to_timestamp('29-10月-16 11.45.09.000000000 上午','DD-MON-RR HH.MI.SSXFF AM'),'admin2','admin2管理员',null,1,0,to_timestamp('29-10月-16 11.45.09.000000000 上午','DD-MON-RR HH.MI.SSXFF AM'),to_timestamp('29-10月-16 11.45.09.000000000 上午','DD-MON-RR HH.MI.SSXFF AM'),0,0,2);
Insert into ADMINSYSTEM.SYS_LOGIN_STATUS (ID,SYS_USER_ID,SESSION_ID,SESSION_EXPIRES,SYS_USER_LOGIN_NAME,SYS_USER_ZH_NAME,LAST_LOGIN_TIME,PLATFORM,RANK,CREATE_TIME,UPDATE_TIME,CREATE_BY,UPDATE_BY,STATUS) values (7,1,'shiro-session-33214fe2-99c4-4130-9223-ed4bdea6aafc',to_timestamp('29-10月-16 11.45.09.000000000 上午','DD-MON-RR HH.MI.SSXFF AM'),'admin','admin',to_timestamp('29-10月-16 11.45.09.000000000 上午','DD-MON-RR HH.MI.SSXFF AM'),1,0,to_timestamp('29-10月-16 11.45.09.000000000 上午','DD-MON-RR HH.MI.SSXFF AM'),to_timestamp('29-10月-16 11.45.09.000000000 上午','DD-MON-RR HH.MI.SSXFF AM'),0,0,2);
Insert into ADMINSYSTEM.SYS_LOGIN_STATUS (ID,SYS_USER_ID,SESSION_ID,SESSION_EXPIRES,SYS_USER_LOGIN_NAME,SYS_USER_ZH_NAME,LAST_LOGIN_TIME,PLATFORM,RANK,CREATE_TIME,UPDATE_TIME,CREATE_BY,UPDATE_BY,STATUS) values (8,2,'shiro-session-4d6e2ae1-e848-447e-8aa9-39137eab5516',to_timestamp('29-10月-16 11.45.09.000000000 上午','DD-MON-RR HH.MI.SSXFF AM'),'admin2','admin2管理员',to_timestamp('29-10月-16 11.45.09.000000000 上午','DD-MON-RR HH.MI.SSXFF AM'),1,0,to_timestamp('29-10月-16 11.45.09.000000000 上午','DD-MON-RR HH.MI.SSXFF AM'),to_timestamp('29-10月-16 11.45.09.000000000 上午','DD-MON-RR HH.MI.SSXFF AM'),0,0,2);
Insert into ADMINSYSTEM.SYS_LOGIN_STATUS (ID,SYS_USER_ID,SESSION_ID,SESSION_EXPIRES,SYS_USER_LOGIN_NAME,SYS_USER_ZH_NAME,LAST_LOGIN_TIME,PLATFORM,RANK,CREATE_TIME,UPDATE_TIME,CREATE_BY,UPDATE_BY,STATUS) values (9,1,'shiro-session-d2124a54-7270-4709-b057-504a2cf84505',to_timestamp('29-10月-16 11.45.09.000000000 上午','DD-MON-RR HH.MI.SSXFF AM'),'admin','admin',to_timestamp('29-10月-16 11.45.09.000000000 上午','DD-MON-RR HH.MI.SSXFF AM'),1,0,to_timestamp('29-10月-16 11.45.09.000000000 上午','DD-MON-RR HH.MI.SSXFF AM'),to_timestamp('29-10月-16 11.45.09.000000000 上午','DD-MON-RR HH.MI.SSXFF AM'),0,0,2);
Insert into ADMINSYSTEM.SYS_LOGIN_STATUS (ID,SYS_USER_ID,SESSION_ID,SESSION_EXPIRES,SYS_USER_LOGIN_NAME,SYS_USER_ZH_NAME,LAST_LOGIN_TIME,PLATFORM,RANK,CREATE_TIME,UPDATE_TIME,CREATE_BY,UPDATE_BY,STATUS) values (10,1,'shiro-session-fe5fcb09-2972-421c-ae6e-154698ae6989',to_timestamp('29-10月-16 11.45.09.000000000 上午','DD-MON-RR HH.MI.SSXFF AM'),'admin','admin',to_timestamp('29-10月-16 11.45.09.000000000 上午','DD-MON-RR HH.MI.SSXFF AM'),1,0,to_timestamp('29-10月-16 11.45.09.000000000 上午','DD-MON-RR HH.MI.SSXFF AM'),to_timestamp('29-10月-16 11.45.09.000000000 上午','DD-MON-RR HH.MI.SSXFF AM'),0,0,2);
Insert into ADMINSYSTEM.SYS_LOGIN_STATUS (ID,SYS_USER_ID,SESSION_ID,SESSION_EXPIRES,SYS_USER_LOGIN_NAME,SYS_USER_ZH_NAME,LAST_LOGIN_TIME,PLATFORM,RANK,CREATE_TIME,UPDATE_TIME,CREATE_BY,UPDATE_BY,STATUS) values (11,2,'shiro-session-b7fa75be-39ce-43cc-b3f3-7664e7754042',to_timestamp('29-10月-16 11.45.09.000000000 上午','DD-MON-RR HH.MI.SSXFF AM'),'admin2','admin2管理员',to_timestamp('29-10月-16 11.45.09.000000000 上午','DD-MON-RR HH.MI.SSXFF AM'),1,0,to_timestamp('29-10月-16 11.45.09.000000000 上午','DD-MON-RR HH.MI.SSXFF AM'),to_timestamp('29-10月-16 11.45.09.000000000 上午','DD-MON-RR HH.MI.SSXFF AM'),0,0,2);
Insert into ADMINSYSTEM.SYS_LOGIN_STATUS (ID,SYS_USER_ID,SESSION_ID,SESSION_EXPIRES,SYS_USER_LOGIN_NAME,SYS_USER_ZH_NAME,LAST_LOGIN_TIME,PLATFORM,RANK,CREATE_TIME,UPDATE_TIME,CREATE_BY,UPDATE_BY,STATUS) values (12,1,'shiro-session-e4e27416-0b81-4cdd-8ee1-31b56e940d14',to_timestamp('29-10月-16 11.45.09.000000000 上午','DD-MON-RR HH.MI.SSXFF AM'),'admin','admin',to_timestamp('29-10月-16 11.45.09.000000000 上午','DD-MON-RR HH.MI.SSXFF AM'),1,0,to_timestamp('29-10月-16 11.45.09.000000000 上午','DD-MON-RR HH.MI.SSXFF AM'),to_timestamp('29-10月-16 11.45.09.000000000 上午','DD-MON-RR HH.MI.SSXFF AM'),0,0,2);
Insert into ADMINSYSTEM.SYS_LOGIN_STATUS (ID,SYS_USER_ID,SESSION_ID,SESSION_EXPIRES,SYS_USER_LOGIN_NAME,SYS_USER_ZH_NAME,LAST_LOGIN_TIME,PLATFORM,RANK,CREATE_TIME,UPDATE_TIME,CREATE_BY,UPDATE_BY,STATUS) values (13,1,'shiro-session-64f5b002-566f-4fef-8859-26cbecddbeb7',to_timestamp('29-10月-16 11.45.09.000000000 上午','DD-MON-RR HH.MI.SSXFF AM'),'admin','admin',to_timestamp('29-10月-16 11.45.09.000000000 上午','DD-MON-RR HH.MI.SSXFF AM'),1,0,to_timestamp('29-10月-16 11.45.09.000000000 上午','DD-MON-RR HH.MI.SSXFF AM'),to_timestamp('29-10月-16 11.45.09.000000000 上午','DD-MON-RR HH.MI.SSXFF AM'),0,0,2);
Insert into ADMINSYSTEM.SYS_LOGIN_STATUS (ID,SYS_USER_ID,SESSION_ID,SESSION_EXPIRES,SYS_USER_LOGIN_NAME,SYS_USER_ZH_NAME,LAST_LOGIN_TIME,PLATFORM,RANK,CREATE_TIME,UPDATE_TIME,CREATE_BY,UPDATE_BY,STATUS) values (14,1,'shiro-session-893d6bc0-a17e-4540-a3c5-df92e31b5583',to_timestamp('29-10月-16 11.45.09.000000000 上午','DD-MON-RR HH.MI.SSXFF AM'),'admin','admin',to_timestamp('29-10月-16 11.45.09.000000000 上午','DD-MON-RR HH.MI.SSXFF AM'),1,0,to_timestamp('29-10月-16 11.45.09.000000000 上午','DD-MON-RR HH.MI.SSXFF AM'),to_timestamp('29-10月-16 11.45.09.000000000 上午','DD-MON-RR HH.MI.SSXFF AM'),0,0,2);
Insert into ADMINSYSTEM.SYS_LOGIN_STATUS (ID,SYS_USER_ID,SESSION_ID,SESSION_EXPIRES,SYS_USER_LOGIN_NAME,SYS_USER_ZH_NAME,LAST_LOGIN_TIME,PLATFORM,RANK,CREATE_TIME,UPDATE_TIME,CREATE_BY,UPDATE_BY,STATUS) values (15,1,'shiro-session-5926b412-5341-490f-8b9f-b54bc2c5713d',to_timestamp('29-10月-16 11.45.09.000000000 上午','DD-MON-RR HH.MI.SSXFF AM'),'admin','admin',to_timestamp('29-10月-16 11.45.09.000000000 上午','DD-MON-RR HH.MI.SSXFF AM'),1,0,to_timestamp('29-10月-16 11.45.09.000000000 上午','DD-MON-RR HH.MI.SSXFF AM'),to_timestamp('29-10月-16 11.45.09.000000000 上午','DD-MON-RR HH.MI.SSXFF AM'),0,0,2);
Insert into ADMINSYSTEM.SYS_LOGIN_STATUS (ID,SYS_USER_ID,SESSION_ID,SESSION_EXPIRES,SYS_USER_LOGIN_NAME,SYS_USER_ZH_NAME,LAST_LOGIN_TIME,PLATFORM,RANK,CREATE_TIME,UPDATE_TIME,CREATE_BY,UPDATE_BY,STATUS) values (16,1,'shiro-session-14fd1318-35b0-4714-a407-55d6e48c6eff',to_timestamp('29-10月-16 11.45.09.000000000 上午','DD-MON-RR HH.MI.SSXFF AM'),'admin','admin',to_timestamp('29-10月-16 11.45.09.000000000 上午','DD-MON-RR HH.MI.SSXFF AM'),1,0,to_timestamp('29-10月-16 11.45.09.000000000 上午','DD-MON-RR HH.MI.SSXFF AM'),to_timestamp('29-10月-16 11.45.09.000000000 上午','DD-MON-RR HH.MI.SSXFF AM'),0,0,2);
Insert into ADMINSYSTEM.SYS_LOGIN_STATUS (ID,SYS_USER_ID,SESSION_ID,SESSION_EXPIRES,SYS_USER_LOGIN_NAME,SYS_USER_ZH_NAME,LAST_LOGIN_TIME,PLATFORM,RANK,CREATE_TIME,UPDATE_TIME,CREATE_BY,UPDATE_BY,STATUS) values (17,2,'shiro-session-aba02aaf-327d-4b23-8310-daf45dbc4a9b',to_timestamp('29-10月-16 11.45.09.000000000 上午','DD-MON-RR HH.MI.SSXFF AM'),'admin2','admin2管理员',to_timestamp('29-10月-16 11.45.09.000000000 上午','DD-MON-RR HH.MI.SSXFF AM'),1,0,to_timestamp('29-10月-16 11.45.09.000000000 上午','DD-MON-RR HH.MI.SSXFF AM'),to_timestamp('29-10月-16 11.45.09.000000000 上午','DD-MON-RR HH.MI.SSXFF AM'),0,0,2);
Insert into ADMINSYSTEM.SYS_LOGIN_STATUS (ID,SYS_USER_ID,SESSION_ID,SESSION_EXPIRES,SYS_USER_LOGIN_NAME,SYS_USER_ZH_NAME,LAST_LOGIN_TIME,PLATFORM,RANK,CREATE_TIME,UPDATE_TIME,CREATE_BY,UPDATE_BY,STATUS) values (18,1,'shiro-session-0ad57428-db80-472a-87e7-e2751f0caddb',to_timestamp('29-10月-16 11.45.09.000000000 上午','DD-MON-RR HH.MI.SSXFF AM'),'admin','admin',to_timestamp('29-10月-16 11.45.09.000000000 上午','DD-MON-RR HH.MI.SSXFF AM'),1,0,to_timestamp('29-10月-16 11.45.09.000000000 上午','DD-MON-RR HH.MI.SSXFF AM'),to_timestamp('29-10月-16 11.45.09.000000000 上午','DD-MON-RR HH.MI.SSXFF AM'),0,0,2);
Insert into ADMINSYSTEM.SYS_LOGIN_STATUS (ID,SYS_USER_ID,SESSION_ID,SESSION_EXPIRES,SYS_USER_LOGIN_NAME,SYS_USER_ZH_NAME,LAST_LOGIN_TIME,PLATFORM,RANK,CREATE_TIME,UPDATE_TIME,CREATE_BY,UPDATE_BY,STATUS) values (19,1,'shiro-session-eab67df3-dadf-4702-9ba3-dca19a814e78',to_timestamp('29-10月-16 11.45.09.000000000 上午','DD-MON-RR HH.MI.SSXFF AM'),'admin','admin',to_timestamp('29-10月-16 11.45.09.000000000 上午','DD-MON-RR HH.MI.SSXFF AM'),1,0,to_timestamp('29-10月-16 11.45.09.000000000 上午','DD-MON-RR HH.MI.SSXFF AM'),to_timestamp('29-10月-16 11.45.09.000000000 上午','DD-MON-RR HH.MI.SSXFF AM'),0,0,2);
Insert into ADMINSYSTEM.SYS_LOGIN_STATUS (ID,SYS_USER_ID,SESSION_ID,SESSION_EXPIRES,SYS_USER_LOGIN_NAME,SYS_USER_ZH_NAME,LAST_LOGIN_TIME,PLATFORM,RANK,CREATE_TIME,UPDATE_TIME,CREATE_BY,UPDATE_BY,STATUS) values (20,1,'shiro-session-3608f0cf-1e09-4a4b-ae42-4aab1cb57f0c',to_timestamp('29-10月-16 11.45.09.000000000 上午','DD-MON-RR HH.MI.SSXFF AM'),'admin','admin',to_timestamp('29-10月-16 11.45.09.000000000 上午','DD-MON-RR HH.MI.SSXFF AM'),1,0,to_timestamp('29-10月-16 11.45.09.000000000 上午','DD-MON-RR HH.MI.SSXFF AM'),to_timestamp('29-10月-16 11.45.09.000000000 上午','DD-MON-RR HH.MI.SSXFF AM'),0,0,2);
Insert into ADMINSYSTEM.SYS_LOGIN_STATUS (ID,SYS_USER_ID,SESSION_ID,SESSION_EXPIRES,SYS_USER_LOGIN_NAME,SYS_USER_ZH_NAME,LAST_LOGIN_TIME,PLATFORM,RANK,CREATE_TIME,UPDATE_TIME,CREATE_BY,UPDATE_BY,STATUS) values (21,1,'shiro-session-0b288d19-9c9c-4ef5-beef-015e3ef0bd12',to_timestamp('29-10月-16 11.45.09.000000000 上午','DD-MON-RR HH.MI.SSXFF AM'),'admin','admin',to_timestamp('29-10月-16 11.45.09.000000000 上午','DD-MON-RR HH.MI.SSXFF AM'),1,0,to_timestamp('29-10月-16 11.45.09.000000000 上午','DD-MON-RR HH.MI.SSXFF AM'),to_timestamp('29-10月-16 11.45.09.000000000 上午','DD-MON-RR HH.MI.SSXFF AM'),0,0,2);
Insert into ADMINSYSTEM.SYS_LOGIN_STATUS (ID,SYS_USER_ID,SESSION_ID,SESSION_EXPIRES,SYS_USER_LOGIN_NAME,SYS_USER_ZH_NAME,LAST_LOGIN_TIME,PLATFORM,RANK,CREATE_TIME,UPDATE_TIME,CREATE_BY,UPDATE_BY,STATUS) values (22,1,'shiro-session-0d66a595-441b-48d3-8fa6-acebd6333396',to_timestamp('29-10月-16 11.45.09.000000000 上午','DD-MON-RR HH.MI.SSXFF AM'),'admin','admin',to_timestamp('29-10月-16 11.45.09.000000000 上午','DD-MON-RR HH.MI.SSXFF AM'),1,0,to_timestamp('29-10月-16 11.45.09.000000000 上午','DD-MON-RR HH.MI.SSXFF AM'),to_timestamp('29-10月-16 11.45.09.000000000 上午','DD-MON-RR HH.MI.SSXFF AM'),0,0,2);
Insert into ADMINSYSTEM.SYS_LOGIN_STATUS (ID,SYS_USER_ID,SESSION_ID,SESSION_EXPIRES,SYS_USER_LOGIN_NAME,SYS_USER_ZH_NAME,LAST_LOGIN_TIME,PLATFORM,RANK,CREATE_TIME,UPDATE_TIME,CREATE_BY,UPDATE_BY,STATUS) values (23,1,'shiro-session-080ed509-f6f9-42d6-bc06-d813e03a77d0',to_timestamp('29-10月-16 11.45.09.000000000 上午','DD-MON-RR HH.MI.SSXFF AM'),'admin','admin',to_timestamp('29-10月-16 11.45.09.000000000 上午','DD-MON-RR HH.MI.SSXFF AM'),1,0,to_timestamp('29-10月-16 11.45.09.000000000 上午','DD-MON-RR HH.MI.SSXFF AM'),to_timestamp('29-10月-16 11.45.09.000000000 上午','DD-MON-RR HH.MI.SSXFF AM'),0,0,2);
Insert into ADMINSYSTEM.SYS_LOGIN_STATUS (ID,SYS_USER_ID,SESSION_ID,SESSION_EXPIRES,SYS_USER_LOGIN_NAME,SYS_USER_ZH_NAME,LAST_LOGIN_TIME,PLATFORM,RANK,CREATE_TIME,UPDATE_TIME,CREATE_BY,UPDATE_BY,STATUS) values (24,1,'shiro-session-080ed509-f6f9-42d6-bc06-d813e03a77d0',to_timestamp('29-10月-16 11.45.09.000000000 上午','DD-MON-RR HH.MI.SSXFF AM'),'admin','admin',to_timestamp('29-10月-16 11.45.09.000000000 上午','DD-MON-RR HH.MI.SSXFF AM'),1,0,to_timestamp('29-10月-16 11.45.09.000000000 上午','DD-MON-RR HH.MI.SSXFF AM'),to_timestamp('29-10月-16 11.45.09.000000000 上午','DD-MON-RR HH.MI.SSXFF AM'),0,0,2);
Insert into ADMINSYSTEM.SYS_LOGIN_STATUS (ID,SYS_USER_ID,SESSION_ID,SESSION_EXPIRES,SYS_USER_LOGIN_NAME,SYS_USER_ZH_NAME,LAST_LOGIN_TIME,PLATFORM,RANK,CREATE_TIME,UPDATE_TIME,CREATE_BY,UPDATE_BY,STATUS) values (25,1,'shiro-session-78d58178-0876-4ae8-9f1c-fe9dbf85a7e5',to_timestamp('29-10月-16 11.45.09.000000000 上午','DD-MON-RR HH.MI.SSXFF AM'),'admin','admin',to_timestamp('29-10月-16 11.45.09.000000000 上午','DD-MON-RR HH.MI.SSXFF AM'),1,0,to_timestamp('29-10月-16 11.45.09.000000000 上午','DD-MON-RR HH.MI.SSXFF AM'),to_timestamp('29-10月-16 11.45.09.000000000 上午','DD-MON-RR HH.MI.SSXFF AM'),0,0,2);
Insert into ADMINSYSTEM.SYS_LOGIN_STATUS (ID,SYS_USER_ID,SESSION_ID,SESSION_EXPIRES,SYS_USER_LOGIN_NAME,SYS_USER_ZH_NAME,LAST_LOGIN_TIME,PLATFORM,RANK,CREATE_TIME,UPDATE_TIME,CREATE_BY,UPDATE_BY,STATUS) values (26,1,'shiro-session-efa74aa8-9a22-4238-a432-f8e94b8b9eec',to_timestamp('29-10月-16 11.45.09.000000000 上午','DD-MON-RR HH.MI.SSXFF AM'),'admin','admin',to_timestamp('29-10月-16 11.45.09.000000000 上午','DD-MON-RR HH.MI.SSXFF AM'),1,0,to_timestamp('29-10月-16 11.45.09.000000000 上午','DD-MON-RR HH.MI.SSXFF AM'),to_timestamp('29-10月-16 11.45.09.000000000 上午','DD-MON-RR HH.MI.SSXFF AM'),0,0,2);
Insert into ADMINSYSTEM.SYS_LOGIN_STATUS (ID,SYS_USER_ID,SESSION_ID,SESSION_EXPIRES,SYS_USER_LOGIN_NAME,SYS_USER_ZH_NAME,LAST_LOGIN_TIME,PLATFORM,RANK,CREATE_TIME,UPDATE_TIME,CREATE_BY,UPDATE_BY,STATUS) values (27,1,'shiro-session-423a0af7-a5fa-49e2-933c-35845f2a47e3',to_timestamp('29-10月-16 11.45.09.000000000 上午','DD-MON-RR HH.MI.SSXFF AM'),'admin','admin',to_timestamp('29-10月-16 11.45.09.000000000 上午','DD-MON-RR HH.MI.SSXFF AM'),1,0,to_timestamp('29-10月-16 11.45.09.000000000 上午','DD-MON-RR HH.MI.SSXFF AM'),to_timestamp('29-10月-16 11.45.09.000000000 上午','DD-MON-RR HH.MI.SSXFF AM'),0,0,2);
Insert into ADMINSYSTEM.SYS_LOGIN_STATUS (ID,SYS_USER_ID,SESSION_ID,SESSION_EXPIRES,SYS_USER_LOGIN_NAME,SYS_USER_ZH_NAME,LAST_LOGIN_TIME,PLATFORM,RANK,CREATE_TIME,UPDATE_TIME,CREATE_BY,UPDATE_BY,STATUS) values (28,1,'shiro-session-7585bd74-67a3-445e-88b7-5047b4d7f2f3',to_timestamp('29-10月-16 11.45.09.000000000 上午','DD-MON-RR HH.MI.SSXFF AM'),'admin','admin',to_timestamp('29-10月-16 11.45.09.000000000 上午','DD-MON-RR HH.MI.SSXFF AM'),1,0,to_timestamp('29-10月-16 11.45.09.000000000 上午','DD-MON-RR HH.MI.SSXFF AM'),to_timestamp('29-10月-16 11.45.09.000000000 上午','DD-MON-RR HH.MI.SSXFF AM'),0,0,2);
Insert into ADMINSYSTEM.SYS_LOGIN_STATUS (ID,SYS_USER_ID,SESSION_ID,SESSION_EXPIRES,SYS_USER_LOGIN_NAME,SYS_USER_ZH_NAME,LAST_LOGIN_TIME,PLATFORM,RANK,CREATE_TIME,UPDATE_TIME,CREATE_BY,UPDATE_BY,STATUS) values (29,1,'shiro-session-0b785adc-6f5b-42bc-a9dd-110aebe6a4be',to_timestamp('29-10月-16 11.45.09.000000000 上午','DD-MON-RR HH.MI.SSXFF AM'),'admin','admin',to_timestamp('29-10月-16 11.45.09.000000000 上午','DD-MON-RR HH.MI.SSXFF AM'),1,0,to_timestamp('29-10月-16 11.45.09.000000000 上午','DD-MON-RR HH.MI.SSXFF AM'),to_timestamp('29-10月-16 11.45.09.000000000 上午','DD-MON-RR HH.MI.SSXFF AM'),0,0,2);
Insert into ADMINSYSTEM.SYS_LOGIN_STATUS (ID,SYS_USER_ID,SESSION_ID,SESSION_EXPIRES,SYS_USER_LOGIN_NAME,SYS_USER_ZH_NAME,LAST_LOGIN_TIME,PLATFORM,RANK,CREATE_TIME,UPDATE_TIME,CREATE_BY,UPDATE_BY,STATUS) values (30,1,'shiro-session-15bf649e-4aa9-48f5-be09-1e23083a57c3',to_timestamp('29-10月-16 11.45.09.000000000 上午','DD-MON-RR HH.MI.SSXFF AM'),'admin','admin',to_timestamp('29-10月-16 11.45.09.000000000 上午','DD-MON-RR HH.MI.SSXFF AM'),1,0,to_timestamp('29-10月-16 11.45.09.000000000 上午','DD-MON-RR HH.MI.SSXFF AM'),to_timestamp('29-10月-16 11.45.09.000000000 上午','DD-MON-RR HH.MI.SSXFF AM'),0,0,2);
Insert into ADMINSYSTEM.SYS_LOGIN_STATUS (ID,SYS_USER_ID,SESSION_ID,SESSION_EXPIRES,SYS_USER_LOGIN_NAME,SYS_USER_ZH_NAME,LAST_LOGIN_TIME,PLATFORM,RANK,CREATE_TIME,UPDATE_TIME,CREATE_BY,UPDATE_BY,STATUS) values (31,1,'shiro-session-1b6baf53-fe41-4a48-b041-f459b71c19cd',to_timestamp('29-10月-16 11.45.09.000000000 上午','DD-MON-RR HH.MI.SSXFF AM'),'admin','admin',to_timestamp('29-10月-16 11.45.09.000000000 上午','DD-MON-RR HH.MI.SSXFF AM'),1,0,to_timestamp('29-10月-16 11.45.09.000000000 上午','DD-MON-RR HH.MI.SSXFF AM'),to_timestamp('29-10月-16 11.45.09.000000000 上午','DD-MON-RR HH.MI.SSXFF AM'),0,0,2);
Insert into ADMINSYSTEM.SYS_LOGIN_STATUS (ID,SYS_USER_ID,SESSION_ID,SESSION_EXPIRES,SYS_USER_LOGIN_NAME,SYS_USER_ZH_NAME,LAST_LOGIN_TIME,PLATFORM,RANK,CREATE_TIME,UPDATE_TIME,CREATE_BY,UPDATE_BY,STATUS) values (32,1,'shiro-session-864209cb-6f24-44a1-a32a-79030409f90d',to_timestamp('29-10月-16 11.45.09.000000000 上午','DD-MON-RR HH.MI.SSXFF AM'),'admin','admin',to_timestamp('29-10月-16 11.45.09.000000000 上午','DD-MON-RR HH.MI.SSXFF AM'),1,0,to_timestamp('29-10月-16 11.45.09.000000000 上午','DD-MON-RR HH.MI.SSXFF AM'),to_timestamp('29-10月-16 11.45.09.000000000 上午','DD-MON-RR HH.MI.SSXFF AM'),0,0,2);
Insert into ADMINSYSTEM.SYS_LOGIN_STATUS (ID,SYS_USER_ID,SESSION_ID,SESSION_EXPIRES,SYS_USER_LOGIN_NAME,SYS_USER_ZH_NAME,LAST_LOGIN_TIME,PLATFORM,RANK,CREATE_TIME,UPDATE_TIME,CREATE_BY,UPDATE_BY,STATUS) values (33,1,'shiro-session-748dc36e-e90c-4880-bd83-96530a31cda7',to_timestamp('29-10月-16 11.45.09.000000000 上午','DD-MON-RR HH.MI.SSXFF AM'),'admin','admin',to_timestamp('29-10月-16 11.45.09.000000000 上午','DD-MON-RR HH.MI.SSXFF AM'),1,0,to_timestamp('29-10月-16 11.45.09.000000000 上午','DD-MON-RR HH.MI.SSXFF AM'),to_timestamp('29-10月-16 11.45.09.000000000 上午','DD-MON-RR HH.MI.SSXFF AM'),0,0,2);
Insert into ADMINSYSTEM.SYS_LOGIN_STATUS (ID,SYS_USER_ID,SESSION_ID,SESSION_EXPIRES,SYS_USER_LOGIN_NAME,SYS_USER_ZH_NAME,LAST_LOGIN_TIME,PLATFORM,RANK,CREATE_TIME,UPDATE_TIME,CREATE_BY,UPDATE_BY,STATUS) values (34,1,'shiro-session-22b08424-5a89-40e0-9878-c6b519a66b63',to_timestamp('29-10月-16 11.45.09.000000000 上午','DD-MON-RR HH.MI.SSXFF AM'),'admin','admin',to_timestamp('29-10月-16 11.45.09.000000000 上午','DD-MON-RR HH.MI.SSXFF AM'),1,0,to_timestamp('29-10月-16 11.45.09.000000000 上午','DD-MON-RR HH.MI.SSXFF AM'),to_timestamp('29-10月-16 11.45.09.000000000 上午','DD-MON-RR HH.MI.SSXFF AM'),0,0,2);
Insert into ADMINSYSTEM.SYS_LOGIN_STATUS (ID,SYS_USER_ID,SESSION_ID,SESSION_EXPIRES,SYS_USER_LOGIN_NAME,SYS_USER_ZH_NAME,LAST_LOGIN_TIME,PLATFORM,RANK,CREATE_TIME,UPDATE_TIME,CREATE_BY,UPDATE_BY,STATUS) values (36,1,'shiro-session-52b48078-ae6c-46c3-b009-7b8a9a674110',to_timestamp('29-10月-16 11.45.09.000000000 上午','DD-MON-RR HH.MI.SSXFF AM'),'admin','admin',to_timestamp('29-10月-16 11.45.09.000000000 上午','DD-MON-RR HH.MI.SSXFF AM'),1,0,to_timestamp('29-10月-16 11.45.09.000000000 上午','DD-MON-RR HH.MI.SSXFF AM'),to_timestamp('29-10月-16 11.45.09.000000000 上午','DD-MON-RR HH.MI.SSXFF AM'),0,0,2);
Insert into ADMINSYSTEM.SYS_LOGIN_STATUS (ID,SYS_USER_ID,SESSION_ID,SESSION_EXPIRES,SYS_USER_LOGIN_NAME,SYS_USER_ZH_NAME,LAST_LOGIN_TIME,PLATFORM,RANK,CREATE_TIME,UPDATE_TIME,CREATE_BY,UPDATE_BY,STATUS) values (37,1,'shiro-session-5f478171-f178-45c5-9c55-7353b9c09c0b',to_timestamp('29-10月-16 11.45.09.000000000 上午','DD-MON-RR HH.MI.SSXFF AM'),'admin','admin',to_timestamp('29-10月-16 11.45.09.000000000 上午','DD-MON-RR HH.MI.SSXFF AM'),1,0,to_timestamp('29-10月-16 11.45.09.000000000 上午','DD-MON-RR HH.MI.SSXFF AM'),to_timestamp('29-10月-16 11.45.09.000000000 上午','DD-MON-RR HH.MI.SSXFF AM'),0,0,2);
Insert into ADMINSYSTEM.SYS_LOGIN_STATUS (ID,SYS_USER_ID,SESSION_ID,SESSION_EXPIRES,SYS_USER_LOGIN_NAME,SYS_USER_ZH_NAME,LAST_LOGIN_TIME,PLATFORM,RANK,CREATE_TIME,UPDATE_TIME,CREATE_BY,UPDATE_BY,STATUS) values (38,1,'shiro-session-717e545d-24dc-473a-98c4-9a634fd0e36d',to_timestamp('29-10月-16 11.45.09.000000000 上午','DD-MON-RR HH.MI.SSXFF AM'),'admin','admin',to_timestamp('29-10月-16 11.45.09.000000000 上午','DD-MON-RR HH.MI.SSXFF AM'),1,0,to_timestamp('29-10月-16 11.45.09.000000000 上午','DD-MON-RR HH.MI.SSXFF AM'),to_timestamp('29-10月-16 11.45.09.000000000 上午','DD-MON-RR HH.MI.SSXFF AM'),0,0,2);
Insert into ADMINSYSTEM.SYS_LOGIN_STATUS (ID,SYS_USER_ID,SESSION_ID,SESSION_EXPIRES,SYS_USER_LOGIN_NAME,SYS_USER_ZH_NAME,LAST_LOGIN_TIME,PLATFORM,RANK,CREATE_TIME,UPDATE_TIME,CREATE_BY,UPDATE_BY,STATUS) values (39,1,'shiro-session-717e545d-24dc-473a-98c4-9a634fd0e36d',to_timestamp('29-10月-16 11.45.09.000000000 上午','DD-MON-RR HH.MI.SSXFF AM'),'admin','admin',to_timestamp('29-10月-16 11.45.09.000000000 上午','DD-MON-RR HH.MI.SSXFF AM'),1,0,to_timestamp('29-10月-16 11.45.09.000000000 上午','DD-MON-RR HH.MI.SSXFF AM'),to_timestamp('29-10月-16 11.45.09.000000000 上午','DD-MON-RR HH.MI.SSXFF AM'),0,0,2);
Insert into ADMINSYSTEM.SYS_LOGIN_STATUS (ID,SYS_USER_ID,SESSION_ID,SESSION_EXPIRES,SYS_USER_LOGIN_NAME,SYS_USER_ZH_NAME,LAST_LOGIN_TIME,PLATFORM,RANK,CREATE_TIME,UPDATE_TIME,CREATE_BY,UPDATE_BY,STATUS) values (40,1,'shiro-session-717e545d-24dc-473a-98c4-9a634fd0e36d',to_timestamp('29-10月-16 11.45.09.000000000 上午','DD-MON-RR HH.MI.SSXFF AM'),'admin','admin',to_timestamp('29-10月-16 11.45.09.000000000 上午','DD-MON-RR HH.MI.SSXFF AM'),1,0,to_timestamp('29-10月-16 11.45.09.000000000 上午','DD-MON-RR HH.MI.SSXFF AM'),to_timestamp('29-10月-16 11.45.09.000000000 上午','DD-MON-RR HH.MI.SSXFF AM'),0,0,2);
Insert into ADMINSYSTEM.SYS_LOGIN_STATUS (ID,SYS_USER_ID,SESSION_ID,SESSION_EXPIRES,SYS_USER_LOGIN_NAME,SYS_USER_ZH_NAME,LAST_LOGIN_TIME,PLATFORM,RANK,CREATE_TIME,UPDATE_TIME,CREATE_BY,UPDATE_BY,STATUS) values (41,1,'shiro-session-1974543e-2a46-4cae-82aa-25496d0b2c53',to_timestamp('29-10月-16 11.45.09.000000000 上午','DD-MON-RR HH.MI.SSXFF AM'),'admin','admin',to_timestamp('29-10月-16 11.45.09.000000000 上午','DD-MON-RR HH.MI.SSXFF AM'),1,0,to_timestamp('29-10月-16 11.45.09.000000000 上午','DD-MON-RR HH.MI.SSXFF AM'),to_timestamp('29-10月-16 11.45.09.000000000 上午','DD-MON-RR HH.MI.SSXFF AM'),0,0,2);
Insert into ADMINSYSTEM.SYS_LOGIN_STATUS (ID,SYS_USER_ID,SESSION_ID,SESSION_EXPIRES,SYS_USER_LOGIN_NAME,SYS_USER_ZH_NAME,LAST_LOGIN_TIME,PLATFORM,RANK,CREATE_TIME,UPDATE_TIME,CREATE_BY,UPDATE_BY,STATUS) values (42,1,'shiro-session-aaac31f9-caec-4807-9189-c3ac9e03339c',to_timestamp('29-10月-16 11.45.09.000000000 上午','DD-MON-RR HH.MI.SSXFF AM'),'admin','admin',to_timestamp('29-10月-16 11.45.09.000000000 上午','DD-MON-RR HH.MI.SSXFF AM'),1,0,to_timestamp('29-10月-16 11.45.09.000000000 上午','DD-MON-RR HH.MI.SSXFF AM'),to_timestamp('29-10月-16 11.45.09.000000000 上午','DD-MON-RR HH.MI.SSXFF AM'),0,0,2);
Insert into ADMINSYSTEM.SYS_LOGIN_STATUS (ID,SYS_USER_ID,SESSION_ID,SESSION_EXPIRES,SYS_USER_LOGIN_NAME,SYS_USER_ZH_NAME,LAST_LOGIN_TIME,PLATFORM,RANK,CREATE_TIME,UPDATE_TIME,CREATE_BY,UPDATE_BY,STATUS) values (43,1,'shiro-session-b4b92ce2-05f0-46dc-8252-2f55d4c51296',to_timestamp('29-10月-16 11.45.09.000000000 上午','DD-MON-RR HH.MI.SSXFF AM'),'admin','admin',to_timestamp('29-10月-16 11.45.09.000000000 上午','DD-MON-RR HH.MI.SSXFF AM'),1,0,to_timestamp('29-10月-16 11.45.09.000000000 上午','DD-MON-RR HH.MI.SSXFF AM'),to_timestamp('29-10月-16 11.45.09.000000000 上午','DD-MON-RR HH.MI.SSXFF AM'),0,0,2);
Insert into ADMINSYSTEM.SYS_LOGIN_STATUS (ID,SYS_USER_ID,SESSION_ID,SESSION_EXPIRES,SYS_USER_LOGIN_NAME,SYS_USER_ZH_NAME,LAST_LOGIN_TIME,PLATFORM,RANK,CREATE_TIME,UPDATE_TIME,CREATE_BY,UPDATE_BY,STATUS) values (44,1,'shiro-session-78e62fe6-b569-4a49-a46d-45796f1273fd',to_timestamp('29-10月-16 11.45.09.000000000 上午','DD-MON-RR HH.MI.SSXFF AM'),'admin','admin',to_timestamp('29-10月-16 11.45.09.000000000 上午','DD-MON-RR HH.MI.SSXFF AM'),1,0,to_timestamp('29-10月-16 11.45.09.000000000 上午','DD-MON-RR HH.MI.SSXFF AM'),to_timestamp('29-10月-16 11.45.09.000000000 上午','DD-MON-RR HH.MI.SSXFF AM'),0,0,2);
Insert into ADMINSYSTEM.SYS_LOGIN_STATUS (ID,SYS_USER_ID,SESSION_ID,SESSION_EXPIRES,SYS_USER_LOGIN_NAME,SYS_USER_ZH_NAME,LAST_LOGIN_TIME,PLATFORM,RANK,CREATE_TIME,UPDATE_TIME,CREATE_BY,UPDATE_BY,STATUS) values (45,1,'shiro-session-78e62fe6-b569-4a49-a46d-45796f1273fd',to_timestamp('29-10月-16 11.45.09.000000000 上午','DD-MON-RR HH.MI.SSXFF AM'),'admin','admin',to_timestamp('29-10月-16 11.45.09.000000000 上午','DD-MON-RR HH.MI.SSXFF AM'),1,0,to_timestamp('29-10月-16 11.45.09.000000000 上午','DD-MON-RR HH.MI.SSXFF AM'),to_timestamp('29-10月-16 11.45.09.000000000 上午','DD-MON-RR HH.MI.SSXFF AM'),0,0,2);
Insert into ADMINSYSTEM.SYS_LOGIN_STATUS (ID,SYS_USER_ID,SESSION_ID,SESSION_EXPIRES,SYS_USER_LOGIN_NAME,SYS_USER_ZH_NAME,LAST_LOGIN_TIME,PLATFORM,RANK,CREATE_TIME,UPDATE_TIME,CREATE_BY,UPDATE_BY,STATUS) values (46,1,'shiro-session-f0b311ab-5ffc-4794-9af6-c5ec8a3c4db6',to_timestamp('29-10月-16 11.45.09.000000000 上午','DD-MON-RR HH.MI.SSXFF AM'),'admin','admin',to_timestamp('29-10月-16 11.45.09.000000000 上午','DD-MON-RR HH.MI.SSXFF AM'),1,0,to_timestamp('29-10月-16 11.45.09.000000000 上午','DD-MON-RR HH.MI.SSXFF AM'),to_timestamp('29-10月-16 11.45.09.000000000 上午','DD-MON-RR HH.MI.SSXFF AM'),0,0,2);
Insert into ADMINSYSTEM.SYS_LOGIN_STATUS (ID,SYS_USER_ID,SESSION_ID,SESSION_EXPIRES,SYS_USER_LOGIN_NAME,SYS_USER_ZH_NAME,LAST_LOGIN_TIME,PLATFORM,RANK,CREATE_TIME,UPDATE_TIME,CREATE_BY,UPDATE_BY,STATUS) values (47,1,'shiro-session-abecfc69-7eae-4f03-a9c6-75d44b8b6dbc',to_timestamp('29-10月-16 11.45.09.000000000 上午','DD-MON-RR HH.MI.SSXFF AM'),'admin','admin',to_timestamp('29-10月-16 11.45.09.000000000 上午','DD-MON-RR HH.MI.SSXFF AM'),1,0,to_timestamp('29-10月-16 11.45.09.000000000 上午','DD-MON-RR HH.MI.SSXFF AM'),to_timestamp('29-10月-16 11.45.09.000000000 上午','DD-MON-RR HH.MI.SSXFF AM'),0,0,2);
Insert into ADMINSYSTEM.SYS_LOGIN_STATUS (ID,SYS_USER_ID,SESSION_ID,SESSION_EXPIRES,SYS_USER_LOGIN_NAME,SYS_USER_ZH_NAME,LAST_LOGIN_TIME,PLATFORM,RANK,CREATE_TIME,UPDATE_TIME,CREATE_BY,UPDATE_BY,STATUS) values (48,1,'shiro-session-21026572-820c-4578-8fa7-74904e4f41c9',to_timestamp('29-10月-16 11.45.09.000000000 上午','DD-MON-RR HH.MI.SSXFF AM'),'admin','admin',to_timestamp('29-10月-16 11.45.09.000000000 上午','DD-MON-RR HH.MI.SSXFF AM'),1,0,to_timestamp('29-10月-16 11.45.09.000000000 上午','DD-MON-RR HH.MI.SSXFF AM'),to_timestamp('29-10月-16 11.45.09.000000000 上午','DD-MON-RR HH.MI.SSXFF AM'),0,0,2);
Insert into ADMINSYSTEM.SYS_LOGIN_STATUS (ID,SYS_USER_ID,SESSION_ID,SESSION_EXPIRES,SYS_USER_LOGIN_NAME,SYS_USER_ZH_NAME,LAST_LOGIN_TIME,PLATFORM,RANK,CREATE_TIME,UPDATE_TIME,CREATE_BY,UPDATE_BY,STATUS) values (49,1,'shiro-session-94132116-fb76-4e30-bbbc-22843f2fd7ee',to_timestamp('29-10月-16 11.45.09.000000000 上午','DD-MON-RR HH.MI.SSXFF AM'),'admin','admin',to_timestamp('29-10月-16 11.45.09.000000000 上午','DD-MON-RR HH.MI.SSXFF AM'),1,0,to_timestamp('29-10月-16 11.45.09.000000000 上午','DD-MON-RR HH.MI.SSXFF AM'),to_timestamp('29-10月-16 11.45.09.000000000 上午','DD-MON-RR HH.MI.SSXFF AM'),0,0,2);
Insert into ADMINSYSTEM.SYS_LOGIN_STATUS (ID,SYS_USER_ID,SESSION_ID,SESSION_EXPIRES,SYS_USER_LOGIN_NAME,SYS_USER_ZH_NAME,LAST_LOGIN_TIME,PLATFORM,RANK,CREATE_TIME,UPDATE_TIME,CREATE_BY,UPDATE_BY,STATUS) values (50,1,'shiro-session-f5e74dc0-e213-4ae0-a1f4-bf55a495d2d6',to_timestamp('29-10月-16 11.45.09.000000000 上午','DD-MON-RR HH.MI.SSXFF AM'),'admin','admin',to_timestamp('29-10月-16 11.45.09.000000000 上午','DD-MON-RR HH.MI.SSXFF AM'),1,0,to_timestamp('29-10月-16 11.45.09.000000000 上午','DD-MON-RR HH.MI.SSXFF AM'),to_timestamp('29-10月-16 11.45.09.000000000 上午','DD-MON-RR HH.MI.SSXFF AM'),0,0,2);
Insert into ADMINSYSTEM.SYS_LOGIN_STATUS (ID,SYS_USER_ID,SESSION_ID,SESSION_EXPIRES,SYS_USER_LOGIN_NAME,SYS_USER_ZH_NAME,LAST_LOGIN_TIME,PLATFORM,RANK,CREATE_TIME,UPDATE_TIME,CREATE_BY,UPDATE_BY,STATUS) values (51,1,'shiro-session-f5e74dc0-e213-4ae0-a1f4-bf55a495d2d6',to_timestamp('29-10月-16 11.45.09.000000000 上午','DD-MON-RR HH.MI.SSXFF AM'),'admin','admin',to_timestamp('29-10月-16 11.45.09.000000000 上午','DD-MON-RR HH.MI.SSXFF AM'),1,0,to_timestamp('29-10月-16 11.45.09.000000000 上午','DD-MON-RR HH.MI.SSXFF AM'),to_timestamp('29-10月-16 11.45.09.000000000 上午','DD-MON-RR HH.MI.SSXFF AM'),0,0,2);
Insert into ADMINSYSTEM.SYS_LOGIN_STATUS (ID,SYS_USER_ID,SESSION_ID,SESSION_EXPIRES,SYS_USER_LOGIN_NAME,SYS_USER_ZH_NAME,LAST_LOGIN_TIME,PLATFORM,RANK,CREATE_TIME,UPDATE_TIME,CREATE_BY,UPDATE_BY,STATUS) values (52,1,'shiro-session-64df6ed6-ca8f-45da-b6da-754bd8f27052',to_timestamp('29-10月-16 11.45.09.000000000 上午','DD-MON-RR HH.MI.SSXFF AM'),'admin','admin',to_timestamp('29-10月-16 11.45.09.000000000 上午','DD-MON-RR HH.MI.SSXFF AM'),1,0,to_timestamp('29-10月-16 11.45.09.000000000 上午','DD-MON-RR HH.MI.SSXFF AM'),to_timestamp('29-10月-16 11.45.09.000000000 上午','DD-MON-RR HH.MI.SSXFF AM'),0,0,2);
Insert into ADMINSYSTEM.SYS_LOGIN_STATUS (ID,SYS_USER_ID,SESSION_ID,SESSION_EXPIRES,SYS_USER_LOGIN_NAME,SYS_USER_ZH_NAME,LAST_LOGIN_TIME,PLATFORM,RANK,CREATE_TIME,UPDATE_TIME,CREATE_BY,UPDATE_BY,STATUS) values (53,1,'shiro-session-60253073-a076-4b55-b50a-2e97d16a83d0',to_timestamp('29-10月-16 11.45.09.000000000 上午','DD-MON-RR HH.MI.SSXFF AM'),'admin','admin',to_timestamp('29-10月-16 11.45.09.000000000 上午','DD-MON-RR HH.MI.SSXFF AM'),1,0,to_timestamp('29-10月-16 11.45.09.000000000 上午','DD-MON-RR HH.MI.SSXFF AM'),to_timestamp('29-10月-16 11.45.09.000000000 上午','DD-MON-RR HH.MI.SSXFF AM'),0,0,2);
Insert into ADMINSYSTEM.SYS_LOGIN_STATUS (ID,SYS_USER_ID,SESSION_ID,SESSION_EXPIRES,SYS_USER_LOGIN_NAME,SYS_USER_ZH_NAME,LAST_LOGIN_TIME,PLATFORM,RANK,CREATE_TIME,UPDATE_TIME,CREATE_BY,UPDATE_BY,STATUS) values (54,1,'shiro-session-60253073-a076-4b55-b50a-2e97d16a83d0',to_timestamp('29-10月-16 11.45.09.000000000 上午','DD-MON-RR HH.MI.SSXFF AM'),'admin','admin',to_timestamp('29-10月-16 11.45.09.000000000 上午','DD-MON-RR HH.MI.SSXFF AM'),1,0,to_timestamp('29-10月-16 11.45.09.000000000 上午','DD-MON-RR HH.MI.SSXFF AM'),to_timestamp('29-10月-16 11.45.09.000000000 上午','DD-MON-RR HH.MI.SSXFF AM'),0,0,2);
Insert into ADMINSYSTEM.SYS_LOGIN_STATUS (ID,SYS_USER_ID,SESSION_ID,SESSION_EXPIRES,SYS_USER_LOGIN_NAME,SYS_USER_ZH_NAME,LAST_LOGIN_TIME,PLATFORM,RANK,CREATE_TIME,UPDATE_TIME,CREATE_BY,UPDATE_BY,STATUS) values (55,1,'shiro-session-23d02c2b-b71b-4c42-90f0-447fc68e2e0f',to_timestamp('29-10月-16 11.45.09.000000000 上午','DD-MON-RR HH.MI.SSXFF AM'),'admin','admin',to_timestamp('29-10月-16 11.45.09.000000000 上午','DD-MON-RR HH.MI.SSXFF AM'),1,0,to_timestamp('29-10月-16 11.45.09.000000000 上午','DD-MON-RR HH.MI.SSXFF AM'),to_timestamp('29-10月-16 11.45.09.000000000 上午','DD-MON-RR HH.MI.SSXFF AM'),0,0,2);
Insert into ADMINSYSTEM.SYS_LOGIN_STATUS (ID,SYS_USER_ID,SESSION_ID,SESSION_EXPIRES,SYS_USER_LOGIN_NAME,SYS_USER_ZH_NAME,LAST_LOGIN_TIME,PLATFORM,RANK,CREATE_TIME,UPDATE_TIME,CREATE_BY,UPDATE_BY,STATUS) values (56,1,'shiro-session-056f2186-ed3d-43aa-b6a0-b467511bc890',to_timestamp('29-10月-16 11.45.09.000000000 上午','DD-MON-RR HH.MI.SSXFF AM'),'admin','admin',to_timestamp('29-10月-16 11.45.09.000000000 上午','DD-MON-RR HH.MI.SSXFF AM'),1,0,to_timestamp('29-10月-16 11.45.09.000000000 上午','DD-MON-RR HH.MI.SSXFF AM'),to_timestamp('29-10月-16 11.45.09.000000000 上午','DD-MON-RR HH.MI.SSXFF AM'),0,0,2);
Insert into ADMINSYSTEM.SYS_LOGIN_STATUS (ID,SYS_USER_ID,SESSION_ID,SESSION_EXPIRES,SYS_USER_LOGIN_NAME,SYS_USER_ZH_NAME,LAST_LOGIN_TIME,PLATFORM,RANK,CREATE_TIME,UPDATE_TIME,CREATE_BY,UPDATE_BY,STATUS) values (57,1,'shiro-session-718a9db8-3f23-49aa-9521-7c23c9acb9b1',to_timestamp('29-10月-16 11.45.09.000000000 上午','DD-MON-RR HH.MI.SSXFF AM'),'admin','admin',to_timestamp('29-10月-16 11.45.09.000000000 上午','DD-MON-RR HH.MI.SSXFF AM'),1,0,to_timestamp('29-10月-16 11.45.09.000000000 上午','DD-MON-RR HH.MI.SSXFF AM'),to_timestamp('29-10月-16 11.45.09.000000000 上午','DD-MON-RR HH.MI.SSXFF AM'),0,0,2);
Insert into ADMINSYSTEM.SYS_LOGIN_STATUS (ID,SYS_USER_ID,SESSION_ID,SESSION_EXPIRES,SYS_USER_LOGIN_NAME,SYS_USER_ZH_NAME,LAST_LOGIN_TIME,PLATFORM,RANK,CREATE_TIME,UPDATE_TIME,CREATE_BY,UPDATE_BY,STATUS) values (58,1,'shiro-session-709582eb-7103-4bc1-afa4-f015752135b2',to_timestamp('29-10月-16 11.45.09.000000000 上午','DD-MON-RR HH.MI.SSXFF AM'),'admin','admin',to_timestamp('29-10月-16 11.45.09.000000000 上午','DD-MON-RR HH.MI.SSXFF AM'),1,0,to_timestamp('29-10月-16 11.45.09.000000000 上午','DD-MON-RR HH.MI.SSXFF AM'),to_timestamp('29-10月-16 11.45.09.000000000 上午','DD-MON-RR HH.MI.SSXFF AM'),0,0,2);
Insert into ADMINSYSTEM.SYS_LOGIN_STATUS (ID,SYS_USER_ID,SESSION_ID,SESSION_EXPIRES,SYS_USER_LOGIN_NAME,SYS_USER_ZH_NAME,LAST_LOGIN_TIME,PLATFORM,RANK,CREATE_TIME,UPDATE_TIME,CREATE_BY,UPDATE_BY,STATUS) values (59,1,'shiro-session-8059744f-576c-4924-8afe-1a16295e1f3b',to_timestamp('29-10月-16 11.45.09.000000000 上午','DD-MON-RR HH.MI.SSXFF AM'),'admin','admin',to_timestamp('29-10月-16 11.45.09.000000000 上午','DD-MON-RR HH.MI.SSXFF AM'),1,0,to_timestamp('29-10月-16 11.45.09.000000000 上午','DD-MON-RR HH.MI.SSXFF AM'),to_timestamp('29-10月-16 11.45.09.000000000 上午','DD-MON-RR HH.MI.SSXFF AM'),0,0,2);
Insert into ADMINSYSTEM.SYS_LOGIN_STATUS (ID,SYS_USER_ID,SESSION_ID,SESSION_EXPIRES,SYS_USER_LOGIN_NAME,SYS_USER_ZH_NAME,LAST_LOGIN_TIME,PLATFORM,RANK,CREATE_TIME,UPDATE_TIME,CREATE_BY,UPDATE_BY,STATUS) values (60,1,'shiro-session-8059744f-576c-4924-8afe-1a16295e1f3b',to_timestamp('29-10月-16 11.45.09.000000000 上午','DD-MON-RR HH.MI.SSXFF AM'),'admin','admin',to_timestamp('29-10月-16 11.45.09.000000000 上午','DD-MON-RR HH.MI.SSXFF AM'),1,0,to_timestamp('29-10月-16 11.45.09.000000000 上午','DD-MON-RR HH.MI.SSXFF AM'),to_timestamp('29-10月-16 11.45.09.000000000 上午','DD-MON-RR HH.MI.SSXFF AM'),0,0,2);
Insert into ADMINSYSTEM.SYS_LOGIN_STATUS (ID,SYS_USER_ID,SESSION_ID,SESSION_EXPIRES,SYS_USER_LOGIN_NAME,SYS_USER_ZH_NAME,LAST_LOGIN_TIME,PLATFORM,RANK,CREATE_TIME,UPDATE_TIME,CREATE_BY,UPDATE_BY,STATUS) values (61,1,'shiro-session-779a4551-8b12-46d5-99c0-887d0ae7a574',to_timestamp('29-10月-16 11.45.09.000000000 上午','DD-MON-RR HH.MI.SSXFF AM'),'admin','admin',to_timestamp('29-10月-16 11.45.09.000000000 上午','DD-MON-RR HH.MI.SSXFF AM'),1,0,to_timestamp('29-10月-16 11.45.09.000000000 上午','DD-MON-RR HH.MI.SSXFF AM'),to_timestamp('29-10月-16 11.45.09.000000000 上午','DD-MON-RR HH.MI.SSXFF AM'),0,0,2);
Insert into ADMINSYSTEM.SYS_LOGIN_STATUS (ID,SYS_USER_ID,SESSION_ID,SESSION_EXPIRES,SYS_USER_LOGIN_NAME,SYS_USER_ZH_NAME,LAST_LOGIN_TIME,PLATFORM,RANK,CREATE_TIME,UPDATE_TIME,CREATE_BY,UPDATE_BY,STATUS) values (62,1,'shiro-session-92e61fef-75e5-40be-82e7-6c5ea30151ad',to_timestamp('29-10月-16 11.45.09.000000000 上午','DD-MON-RR HH.MI.SSXFF AM'),'admin','admin',to_timestamp('29-10月-16 11.45.09.000000000 上午','DD-MON-RR HH.MI.SSXFF AM'),1,0,to_timestamp('29-10月-16 11.45.09.000000000 上午','DD-MON-RR HH.MI.SSXFF AM'),to_timestamp('29-10月-16 11.45.09.000000000 上午','DD-MON-RR HH.MI.SSXFF AM'),0,0,2);
REM INSERTING into ADMINSYSTEM.SYS_ORGANIZATION
SET DEFINE OFF;
Insert into ADMINSYSTEM.SYS_ORGANIZATION (ID,NAME,DESCRIPTION,IS_FINAL,PARENT_ID,RANK,CREATE_TIME,UPDATE_TIME,CREATE_BY,UPDATE_BY,STATUS,FULL_NAME) values (1,'系统','系统',2,0,0,to_timestamp('29-10月-16 11.45.09.000000000 上午','DD-MON-RR HH.MI.SSXFF AM'),to_timestamp('29-10月-16 11.45.09.000000000 上午','DD-MON-RR HH.MI.SSXFF AM'),0,0,1,'系统');
Insert into ADMINSYSTEM.SYS_ORGANIZATION (ID,NAME,DESCRIPTION,IS_FINAL,PARENT_ID,RANK,CREATE_TIME,UPDATE_TIME,CREATE_BY,UPDATE_BY,STATUS,FULL_NAME) values (2,'xxx集团','xxx集团',2,1,0,to_timestamp('29-10月-16 11.45.09.000000000 上午','DD-MON-RR HH.MI.SSXFF AM'),to_timestamp('29-10月-16 11.45.09.000000000 上午','DD-MON-RR HH.MI.SSXFF AM'),0,0,1,'xxx集团');
Insert into ADMINSYSTEM.SYS_ORGANIZATION (ID,NAME,DESCRIPTION,IS_FINAL,PARENT_ID,RANK,CREATE_TIME,UPDATE_TIME,CREATE_BY,UPDATE_BY,STATUS,FULL_NAME) values (3,'xxx深圳分公司','xxx深圳分公司',2,2,0,to_timestamp('29-10月-16 11.45.09.000000000 上午','DD-MON-RR HH.MI.SSXFF AM'),to_timestamp('29-10月-16 11.45.09.000000000 上午','DD-MON-RR HH.MI.SSXFF AM'),0,0,1,'xxx深圳分公司');
Insert into ADMINSYSTEM.SYS_ORGANIZATION (ID,NAME,DESCRIPTION,IS_FINAL,PARENT_ID,RANK,CREATE_TIME,UPDATE_TIME,CREATE_BY,UPDATE_BY,STATUS,FULL_NAME) values (4,'xxx长沙分公司','xxx长沙分公司',2,2,0,to_timestamp('29-10月-16 11.45.09.000000000 上午','DD-MON-RR HH.MI.SSXFF AM'),to_timestamp('29-10月-16 11.45.09.000000000 上午','DD-MON-RR HH.MI.SSXFF AM'),0,0,1,'xxx长沙分公司');
Insert into ADMINSYSTEM.SYS_ORGANIZATION (ID,NAME,DESCRIPTION,IS_FINAL,PARENT_ID,RANK,CREATE_TIME,UPDATE_TIME,CREATE_BY,UPDATE_BY,STATUS,FULL_NAME) values (5,'财务部','xxx深圳分公司财务部',2,3,0,to_timestamp('29-10月-16 11.45.09.000000000 上午','DD-MON-RR HH.MI.SSXFF AM'),to_timestamp('29-10月-16 11.45.09.000000000 上午','DD-MON-RR HH.MI.SSXFF AM'),0,0,1,'xxx深圳分公司财务部');
Insert into ADMINSYSTEM.SYS_ORGANIZATION (ID,NAME,DESCRIPTION,IS_FINAL,PARENT_ID,RANK,CREATE_TIME,UPDATE_TIME,CREATE_BY,UPDATE_BY,STATUS,FULL_NAME) values (6,'研发部','xxx深圳分公司研发部',2,3,0,to_timestamp('29-10月-16 11.45.09.000000000 上午','DD-MON-RR HH.MI.SSXFF AM'),to_timestamp('29-10月-16 11.45.09.000000000 上午','DD-MON-RR HH.MI.SSXFF AM'),0,0,1,'xxx深圳分公司研发部');
Insert into ADMINSYSTEM.SYS_ORGANIZATION (ID,NAME,DESCRIPTION,IS_FINAL,PARENT_ID,RANK,CREATE_TIME,UPDATE_TIME,CREATE_BY,UPDATE_BY,STATUS,FULL_NAME) values (7,'市场部','xxx深圳分公司市场部',2,3,0,to_timestamp('29-10月-16 11.45.09.000000000 上午','DD-MON-RR HH.MI.SSXFF AM'),to_timestamp('29-10月-16 11.45.09.000000000 上午','DD-MON-RR HH.MI.SSXFF AM'),0,0,1,'xxx深圳分公司市场部');
REM INSERTING into ADMINSYSTEM.SYS_PERMISSION
SET DEFINE OFF;
Insert into ADMINSYSTEM.SYS_PERMISSION (ID,NAME,DESCRIPTION,CODE,SYS_PERMISSION_GROUP_ID,IS_FINAL,RANK,CREATE_TIME,UPDATE_TIME,CREATE_BY,UPDATE_BY,STATUS) values (1,'新增','新增用户','user:insert',1,2,0,to_timestamp('29-10月-16 11.45.09.000000000 上午','DD-MON-RR HH.MI.SSXFF AM'),to_timestamp('29-10月-16 11.45.09.000000000 上午','DD-MON-RR HH.MI.SSXFF AM'),0,0,1);
Insert into ADMINSYSTEM.SYS_PERMISSION (ID,NAME,DESCRIPTION,CODE,SYS_PERMISSION_GROUP_ID,IS_FINAL,RANK,CREATE_TIME,UPDATE_TIME,CREATE_BY,UPDATE_BY,STATUS) values (2,'删除','删除用户','user:delete',1,2,0,to_timestamp('29-10月-16 11.45.09.000000000 上午','DD-MON-RR HH.MI.SSXFF AM'),to_timestamp('29-10月-16 11.45.09.000000000 上午','DD-MON-RR HH.MI.SSXFF AM'),0,0,1);
Insert into ADMINSYSTEM.SYS_PERMISSION (ID,NAME,DESCRIPTION,CODE,SYS_PERMISSION_GROUP_ID,IS_FINAL,RANK,CREATE_TIME,UPDATE_TIME,CREATE_BY,UPDATE_BY,STATUS) values (3,'更新','更新用户','user:update',1,2,0,to_timestamp('29-10月-16 11.45.09.000000000 上午','DD-MON-RR HH.MI.SSXFF AM'),to_timestamp('29-10月-16 11.45.09.000000000 上午','DD-MON-RR HH.MI.SSXFF AM'),0,0,1);
Insert into ADMINSYSTEM.SYS_PERMISSION (ID,NAME,DESCRIPTION,CODE,SYS_PERMISSION_GROUP_ID,IS_FINAL,RANK,CREATE_TIME,UPDATE_TIME,CREATE_BY,UPDATE_BY,STATUS) values (4,'查询','查询用户','user:select',1,2,0,to_timestamp('29-10月-16 11.45.09.000000000 上午','DD-MON-RR HH.MI.SSXFF AM'),to_timestamp('29-10月-16 11.45.09.000000000 上午','DD-MON-RR HH.MI.SSXFF AM'),0,0,1);
Insert into ADMINSYSTEM.SYS_PERMISSION (ID,NAME,DESCRIPTION,CODE,SYS_PERMISSION_GROUP_ID,IS_FINAL,RANK,CREATE_TIME,UPDATE_TIME,CREATE_BY,UPDATE_BY,STATUS) values (5,'列表','查询用户列表','user:list',1,2,0,to_timestamp('29-10月-16 11.45.09.000000000 上午','DD-MON-RR HH.MI.SSXFF AM'),to_timestamp('29-10月-16 11.45.09.000000000 上午','DD-MON-RR HH.MI.SSXFF AM'),0,0,1);
Insert into ADMINSYSTEM.SYS_PERMISSION (ID,NAME,DESCRIPTION,CODE,SYS_PERMISSION_GROUP_ID,IS_FINAL,RANK,CREATE_TIME,UPDATE_TIME,CREATE_BY,UPDATE_BY,STATUS) values (6,'新增','新增权限','permission:insert',2,2,0,to_timestamp('29-10月-16 11.45.09.000000000 上午','DD-MON-RR HH.MI.SSXFF AM'),to_timestamp('29-10月-16 11.45.09.000000000 上午','DD-MON-RR HH.MI.SSXFF AM'),0,0,1);
Insert into ADMINSYSTEM.SYS_PERMISSION (ID,NAME,DESCRIPTION,CODE,SYS_PERMISSION_GROUP_ID,IS_FINAL,RANK,CREATE_TIME,UPDATE_TIME,CREATE_BY,UPDATE_BY,STATUS) values (7,'删除','删除权限','permission:delete',2,2,0,to_timestamp('29-10月-16 11.45.09.000000000 上午','DD-MON-RR HH.MI.SSXFF AM'),to_timestamp('29-10月-16 11.45.09.000000000 上午','DD-MON-RR HH.MI.SSXFF AM'),0,0,1);
Insert into ADMINSYSTEM.SYS_PERMISSION (ID,NAME,DESCRIPTION,CODE,SYS_PERMISSION_GROUP_ID,IS_FINAL,RANK,CREATE_TIME,UPDATE_TIME,CREATE_BY,UPDATE_BY,STATUS) values (8,'更新','更新权限','permission:update',2,2,0,to_timestamp('29-10月-16 11.45.09.000000000 上午','DD-MON-RR HH.MI.SSXFF AM'),to_timestamp('29-10月-16 11.45.09.000000000 上午','DD-MON-RR HH.MI.SSXFF AM'),0,0,1);
Insert into ADMINSYSTEM.SYS_PERMISSION (ID,NAME,DESCRIPTION,CODE,SYS_PERMISSION_GROUP_ID,IS_FINAL,RANK,CREATE_TIME,UPDATE_TIME,CREATE_BY,UPDATE_BY,STATUS) values (9,'查询','查询权限','permission:select',2,2,0,to_timestamp('29-10月-16 11.45.09.000000000 上午','DD-MON-RR HH.MI.SSXFF AM'),to_timestamp('29-10月-16 11.45.09.000000000 上午','DD-MON-RR HH.MI.SSXFF AM'),0,0,1);
Insert into ADMINSYSTEM.SYS_PERMISSION (ID,NAME,DESCRIPTION,CODE,SYS_PERMISSION_GROUP_ID,IS_FINAL,RANK,CREATE_TIME,UPDATE_TIME,CREATE_BY,UPDATE_BY,STATUS) values (10,'列表','查询权限列表','permission:list',2,2,0,to_timestamp('29-10月-16 11.45.09.000000000 上午','DD-MON-RR HH.MI.SSXFF AM'),to_timestamp('29-10月-16 11.45.09.000000000 上午','DD-MON-RR HH.MI.SSXFF AM'),0,0,1);
Insert into ADMINSYSTEM.SYS_PERMISSION (ID,NAME,DESCRIPTION,CODE,SYS_PERMISSION_GROUP_ID,IS_FINAL,RANK,CREATE_TIME,UPDATE_TIME,CREATE_BY,UPDATE_BY,STATUS) values (11,'新增','新增角色','role:insert',3,2,0,to_timestamp('29-10月-16 11.45.09.000000000 上午','DD-MON-RR HH.MI.SSXFF AM'),to_timestamp('29-10月-16 11.45.09.000000000 上午','DD-MON-RR HH.MI.SSXFF AM'),0,0,1);
Insert into ADMINSYSTEM.SYS_PERMISSION (ID,NAME,DESCRIPTION,CODE,SYS_PERMISSION_GROUP_ID,IS_FINAL,RANK,CREATE_TIME,UPDATE_TIME,CREATE_BY,UPDATE_BY,STATUS) values (12,'删除','删除角色','role:delete',3,2,0,to_timestamp('29-10月-16 11.45.09.000000000 上午','DD-MON-RR HH.MI.SSXFF AM'),to_timestamp('29-10月-16 11.45.09.000000000 上午','DD-MON-RR HH.MI.SSXFF AM'),0,0,1);
Insert into ADMINSYSTEM.SYS_PERMISSION (ID,NAME,DESCRIPTION,CODE,SYS_PERMISSION_GROUP_ID,IS_FINAL,RANK,CREATE_TIME,UPDATE_TIME,CREATE_BY,UPDATE_BY,STATUS) values (13,'更新','更新角色','role:update',3,2,0,to_timestamp('29-10月-16 11.45.09.000000000 上午','DD-MON-RR HH.MI.SSXFF AM'),to_timestamp('29-10月-16 11.45.09.000000000 上午','DD-MON-RR HH.MI.SSXFF AM'),0,0,1);
Insert into ADMINSYSTEM.SYS_PERMISSION (ID,NAME,DESCRIPTION,CODE,SYS_PERMISSION_GROUP_ID,IS_FINAL,RANK,CREATE_TIME,UPDATE_TIME,CREATE_BY,UPDATE_BY,STATUS) values (14,'查询','查询角色','role:select',3,2,0,to_timestamp('29-10月-16 11.45.09.000000000 上午','DD-MON-RR HH.MI.SSXFF AM'),to_timestamp('29-10月-16 11.45.09.000000000 上午','DD-MON-RR HH.MI.SSXFF AM'),0,0,1);
Insert into ADMINSYSTEM.SYS_PERMISSION (ID,NAME,DESCRIPTION,CODE,SYS_PERMISSION_GROUP_ID,IS_FINAL,RANK,CREATE_TIME,UPDATE_TIME,CREATE_BY,UPDATE_BY,STATUS) values (15,'列表','查询角色列表','role:list',3,2,0,to_timestamp('29-10月-16 11.45.09.000000000 上午','DD-MON-RR HH.MI.SSXFF AM'),to_timestamp('29-10月-16 11.45.09.000000000 上午','DD-MON-RR HH.MI.SSXFF AM'),0,0,1);
Insert into ADMINSYSTEM.SYS_PERMISSION (ID,NAME,DESCRIPTION,CODE,SYS_PERMISSION_GROUP_ID,IS_FINAL,RANK,CREATE_TIME,UPDATE_TIME,CREATE_BY,UPDATE_BY,STATUS) values (16,'新增','新增组织机构','organization:insert',4,2,0,to_timestamp('29-10月-16 11.45.09.000000000 上午','DD-MON-RR HH.MI.SSXFF AM'),to_timestamp('29-10月-16 11.45.09.000000000 上午','DD-MON-RR HH.MI.SSXFF AM'),0,0,1);
Insert into ADMINSYSTEM.SYS_PERMISSION (ID,NAME,DESCRIPTION,CODE,SYS_PERMISSION_GROUP_ID,IS_FINAL,RANK,CREATE_TIME,UPDATE_TIME,CREATE_BY,UPDATE_BY,STATUS) values (17,'删除','删除组织机构','organization:delete',4,2,0,to_timestamp('29-10月-16 11.45.09.000000000 上午','DD-MON-RR HH.MI.SSXFF AM'),to_timestamp('29-10月-16 11.45.09.000000000 上午','DD-MON-RR HH.MI.SSXFF AM'),0,0,1);
Insert into ADMINSYSTEM.SYS_PERMISSION (ID,NAME,DESCRIPTION,CODE,SYS_PERMISSION_GROUP_ID,IS_FINAL,RANK,CREATE_TIME,UPDATE_TIME,CREATE_BY,UPDATE_BY,STATUS) values (18,'更新','更新组织机构','organization:update',4,2,0,to_timestamp('29-10月-16 11.45.09.000000000 上午','DD-MON-RR HH.MI.SSXFF AM'),to_timestamp('29-10月-16 11.45.09.000000000 上午','DD-MON-RR HH.MI.SSXFF AM'),0,0,1);
Insert into ADMINSYSTEM.SYS_PERMISSION (ID,NAME,DESCRIPTION,CODE,SYS_PERMISSION_GROUP_ID,IS_FINAL,RANK,CREATE_TIME,UPDATE_TIME,CREATE_BY,UPDATE_BY,STATUS) values (19,'查询','查询组织机构','organization:select',4,2,0,to_timestamp('29-10月-16 11.45.09.000000000 上午','DD-MON-RR HH.MI.SSXFF AM'),to_timestamp('29-10月-16 11.45.09.000000000 上午','DD-MON-RR HH.MI.SSXFF AM'),0,0,1);
Insert into ADMINSYSTEM.SYS_PERMISSION (ID,NAME,DESCRIPTION,CODE,SYS_PERMISSION_GROUP_ID,IS_FINAL,RANK,CREATE_TIME,UPDATE_TIME,CREATE_BY,UPDATE_BY,STATUS) values (20,'列表','查询组织机构列表','organization:list',4,2,0,to_timestamp('29-10月-16 11.45.09.000000000 上午','DD-MON-RR HH.MI.SSXFF AM'),to_timestamp('29-10月-16 11.45.09.000000000 上午','DD-MON-RR HH.MI.SSXFF AM'),0,0,1);
Insert into ADMINSYSTEM.SYS_PERMISSION (ID,NAME,DESCRIPTION,CODE,SYS_PERMISSION_GROUP_ID,IS_FINAL,RANK,CREATE_TIME,UPDATE_TIME,CREATE_BY,UPDATE_BY,STATUS) values (21,'新增','新增职位','job:insert',5,2,0,to_timestamp('29-10月-16 11.45.09.000000000 上午','DD-MON-RR HH.MI.SSXFF AM'),to_timestamp('29-10月-16 11.45.09.000000000 上午','DD-MON-RR HH.MI.SSXFF AM'),0,0,1);
Insert into ADMINSYSTEM.SYS_PERMISSION (ID,NAME,DESCRIPTION,CODE,SYS_PERMISSION_GROUP_ID,IS_FINAL,RANK,CREATE_TIME,UPDATE_TIME,CREATE_BY,UPDATE_BY,STATUS) values (22,'删除','删除职位','job:delete',5,2,0,to_timestamp('29-10月-16 11.45.09.000000000 上午','DD-MON-RR HH.MI.SSXFF AM'),to_timestamp('29-10月-16 11.45.09.000000000 上午','DD-MON-RR HH.MI.SSXFF AM'),0,0,1);
Insert into ADMINSYSTEM.SYS_PERMISSION (ID,NAME,DESCRIPTION,CODE,SYS_PERMISSION_GROUP_ID,IS_FINAL,RANK,CREATE_TIME,UPDATE_TIME,CREATE_BY,UPDATE_BY,STATUS) values (23,'更新','更新职位','job:update',5,2,0,to_timestamp('29-10月-16 11.45.09.000000000 上午','DD-MON-RR HH.MI.SSXFF AM'),to_timestamp('29-10月-16 11.45.09.000000000 上午','DD-MON-RR HH.MI.SSXFF AM'),0,0,1);
Insert into ADMINSYSTEM.SYS_PERMISSION (ID,NAME,DESCRIPTION,CODE,SYS_PERMISSION_GROUP_ID,IS_FINAL,RANK,CREATE_TIME,UPDATE_TIME,CREATE_BY,UPDATE_BY,STATUS) values (24,'查询','查询职位','job:select',5,2,0,to_timestamp('29-10月-16 11.45.09.000000000 上午','DD-MON-RR HH.MI.SSXFF AM'),to_timestamp('29-10月-16 11.45.09.000000000 上午','DD-MON-RR HH.MI.SSXFF AM'),0,0,1);
Insert into ADMINSYSTEM.SYS_PERMISSION (ID,NAME,DESCRIPTION,CODE,SYS_PERMISSION_GROUP_ID,IS_FINAL,RANK,CREATE_TIME,UPDATE_TIME,CREATE_BY,UPDATE_BY,STATUS) values (25,'列表','查询职位列表','job:list',5,2,0,to_timestamp('29-10月-16 11.45.09.000000000 上午','DD-MON-RR HH.MI.SSXFF AM'),to_timestamp('29-10月-16 11.45.09.000000000 上午','DD-MON-RR HH.MI.SSXFF AM'),0,0,1);
Insert into ADMINSYSTEM.SYS_PERMISSION (ID,NAME,DESCRIPTION,CODE,SYS_PERMISSION_GROUP_ID,IS_FINAL,RANK,CREATE_TIME,UPDATE_TIME,CREATE_BY,UPDATE_BY,STATUS) values (26,'新增','新增字典','data:insert',6,2,0,to_timestamp('29-10月-16 11.45.09.000000000 上午','DD-MON-RR HH.MI.SSXFF AM'),to_timestamp('29-10月-16 11.45.09.000000000 上午','DD-MON-RR HH.MI.SSXFF AM'),0,0,1);
Insert into ADMINSYSTEM.SYS_PERMISSION (ID,NAME,DESCRIPTION,CODE,SYS_PERMISSION_GROUP_ID,IS_FINAL,RANK,CREATE_TIME,UPDATE_TIME,CREATE_BY,UPDATE_BY,STATUS) values (27,'删除','删除字典','data:delete',6,2,0,to_timestamp('29-10月-16 11.45.09.000000000 上午','DD-MON-RR HH.MI.SSXFF AM'),to_timestamp('29-10月-16 11.45.09.000000000 上午','DD-MON-RR HH.MI.SSXFF AM'),0,0,1);
Insert into ADMINSYSTEM.SYS_PERMISSION (ID,NAME,DESCRIPTION,CODE,SYS_PERMISSION_GROUP_ID,IS_FINAL,RANK,CREATE_TIME,UPDATE_TIME,CREATE_BY,UPDATE_BY,STATUS) values (28,'更新','更新字典','data:update',6,2,0,to_timestamp('29-10月-16 11.45.09.000000000 上午','DD-MON-RR HH.MI.SSXFF AM'),to_timestamp('29-10月-16 11.45.09.000000000 上午','DD-MON-RR HH.MI.SSXFF AM'),0,0,1);
Insert into ADMINSYSTEM.SYS_PERMISSION (ID,NAME,DESCRIPTION,CODE,SYS_PERMISSION_GROUP_ID,IS_FINAL,RANK,CREATE_TIME,UPDATE_TIME,CREATE_BY,UPDATE_BY,STATUS) values (29,'查询','查询字典','data:select',6,2,0,to_timestamp('29-10月-16 11.45.09.000000000 上午','DD-MON-RR HH.MI.SSXFF AM'),to_timestamp('29-10月-16 11.45.09.000000000 上午','DD-MON-RR HH.MI.SSXFF AM'),0,0,1);
Insert into ADMINSYSTEM.SYS_PERMISSION (ID,NAME,DESCRIPTION,CODE,SYS_PERMISSION_GROUP_ID,IS_FINAL,RANK,CREATE_TIME,UPDATE_TIME,CREATE_BY,UPDATE_BY,STATUS) values (30,'列表','查询字典列表','data:list',6,2,0,to_timestamp('29-10月-16 11.45.09.000000000 上午','DD-MON-RR HH.MI.SSXFF AM'),to_timestamp('29-10月-16 11.45.09.000000000 上午','DD-MON-RR HH.MI.SSXFF AM'),0,0,1);
Insert into ADMINSYSTEM.SYS_PERMISSION (ID,NAME,DESCRIPTION,CODE,SYS_PERMISSION_GROUP_ID,IS_FINAL,RANK,CREATE_TIME,UPDATE_TIME,CREATE_BY,UPDATE_BY,STATUS) values (31,'启用','启用用户','user:enable',1,2,0,to_timestamp('29-10月-16 11.45.09.000000000 上午','DD-MON-RR HH.MI.SSXFF AM'),to_timestamp('29-10月-16 11.45.09.000000000 上午','DD-MON-RR HH.MI.SSXFF AM'),0,0,1);
Insert into ADMINSYSTEM.SYS_PERMISSION (ID,NAME,DESCRIPTION,CODE,SYS_PERMISSION_GROUP_ID,IS_FINAL,RANK,CREATE_TIME,UPDATE_TIME,CREATE_BY,UPDATE_BY,STATUS) values (32,'禁用','禁用用户','user:forbidden',1,2,0,to_timestamp('29-10月-16 11.45.09.000000000 上午','DD-MON-RR HH.MI.SSXFF AM'),to_timestamp('29-10月-16 11.45.09.000000000 上午','DD-MON-RR HH.MI.SSXFF AM'),0,0,1);
Insert into ADMINSYSTEM.SYS_PERMISSION (ID,NAME,DESCRIPTION,CODE,SYS_PERMISSION_GROUP_ID,IS_FINAL,RANK,CREATE_TIME,UPDATE_TIME,CREATE_BY,UPDATE_BY,STATUS) values (33,'密码','修改密码','user:updatePassword',1,2,0,to_timestamp('29-10月-16 11.45.09.000000000 上午','DD-MON-RR HH.MI.SSXFF AM'),to_timestamp('29-10月-16 11.45.09.000000000 上午','DD-MON-RR HH.MI.SSXFF AM'),0,0,1);
Insert into ADMINSYSTEM.SYS_PERMISSION (ID,NAME,DESCRIPTION,CODE,SYS_PERMISSION_GROUP_ID,IS_FINAL,RANK,CREATE_TIME,UPDATE_TIME,CREATE_BY,UPDATE_BY,STATUS) values (34,'查看数据库监控','查看数据库监控','db:select',7,2,0,to_timestamp('29-10月-16 11.45.09.000000000 上午','DD-MON-RR HH.MI.SSXFF AM'),to_timestamp('29-10月-16 11.45.09.000000000 上午','DD-MON-RR HH.MI.SSXFF AM'),0,0,1);
Insert into ADMINSYSTEM.SYS_PERMISSION (ID,NAME,DESCRIPTION,CODE,SYS_PERMISSION_GROUP_ID,IS_FINAL,RANK,CREATE_TIME,UPDATE_TIME,CREATE_BY,UPDATE_BY,STATUS) values (35,'下线','下线用户','user:loginout',1,2,0,to_timestamp('29-10月-16 11.45.09.000000000 上午','DD-MON-RR HH.MI.SSXFF AM'),to_timestamp('29-10月-16 11.45.09.000000000 上午','DD-MON-RR HH.MI.SSXFF AM'),0,0,1);
Insert into ADMINSYSTEM.SYS_PERMISSION (ID,NAME,DESCRIPTION,CODE,SYS_PERMISSION_GROUP_ID,IS_FINAL,RANK,CREATE_TIME,UPDATE_TIME,CREATE_BY,UPDATE_BY,STATUS) values (36,'用户在线列表','用户在线列表','user:loginStatu:list',1,2,0,to_timestamp('29-10月-16 11.45.09.000000000 上午','DD-MON-RR HH.MI.SSXFF AM'),to_timestamp('29-10月-16 11.45.09.000000000 上午','DD-MON-RR HH.MI.SSXFF AM'),0,0,1);
Insert into ADMINSYSTEM.SYS_PERMISSION (ID,NAME,DESCRIPTION,CODE,SYS_PERMISSION_GROUP_ID,IS_FINAL,RANK,CREATE_TIME,UPDATE_TIME,CREATE_BY,UPDATE_BY,STATUS) values (37,'新建权限组','新建权限组','permission:group:insert',2,2,0,to_timestamp('29-10月-16 11.45.09.000000000 上午','DD-MON-RR HH.MI.SSXFF AM'),to_timestamp('29-10月-16 11.45.09.000000000 上午','DD-MON-RR HH.MI.SSXFF AM'),0,0,1);
Insert into ADMINSYSTEM.SYS_PERMISSION (ID,NAME,DESCRIPTION,CODE,SYS_PERMISSION_GROUP_ID,IS_FINAL,RANK,CREATE_TIME,UPDATE_TIME,CREATE_BY,UPDATE_BY,STATUS) values (38,'权限组列表','权限组列表','permission:group:list',2,2,0,to_timestamp('29-10月-16 11.45.09.000000000 上午','DD-MON-RR HH.MI.SSXFF AM'),to_timestamp('29-10月-16 11.45.09.000000000 上午','DD-MON-RR HH.MI.SSXFF AM'),0,0,1);
Insert into ADMINSYSTEM.SYS_PERMISSION (ID,NAME,DESCRIPTION,CODE,SYS_PERMISSION_GROUP_ID,IS_FINAL,RANK,CREATE_TIME,UPDATE_TIME,CREATE_BY,UPDATE_BY,STATUS) values (39,'新增','新增IP','ip:insert',8,2,0,to_timestamp('29-10月-16 11.45.09.000000000 上午','DD-MON-RR HH.MI.SSXFF AM'),to_timestamp('29-10月-16 11.45.09.000000000 上午','DD-MON-RR HH.MI.SSXFF AM'),0,0,1);
Insert into ADMINSYSTEM.SYS_PERMISSION (ID,NAME,DESCRIPTION,CODE,SYS_PERMISSION_GROUP_ID,IS_FINAL,RANK,CREATE_TIME,UPDATE_TIME,CREATE_BY,UPDATE_BY,STATUS) values (40,'更新','更新ip','ip:update',8,2,0,to_timestamp('29-10月-16 11.45.09.000000000 上午','DD-MON-RR HH.MI.SSXFF AM'),to_timestamp('29-10月-16 11.45.09.000000000 上午','DD-MON-RR HH.MI.SSXFF AM'),0,0,1);
Insert into ADMINSYSTEM.SYS_PERMISSION (ID,NAME,DESCRIPTION,CODE,SYS_PERMISSION_GROUP_ID,IS_FINAL,RANK,CREATE_TIME,UPDATE_TIME,CREATE_BY,UPDATE_BY,STATUS) values (41,'删除','删除ip','ip:delete',8,2,0,to_timestamp('29-10月-16 11.45.09.000000000 上午','DD-MON-RR HH.MI.SSXFF AM'),to_timestamp('29-10月-16 11.45.09.000000000 上午','DD-MON-RR HH.MI.SSXFF AM'),0,0,1);
Insert into ADMINSYSTEM.SYS_PERMISSION (ID,NAME,DESCRIPTION,CODE,SYS_PERMISSION_GROUP_ID,IS_FINAL,RANK,CREATE_TIME,UPDATE_TIME,CREATE_BY,UPDATE_BY,STATUS) values (42,'查看','查看ip','ip:select',8,2,0,to_timestamp('29-10月-16 11.45.09.000000000 上午','DD-MON-RR HH.MI.SSXFF AM'),to_timestamp('29-10月-16 11.45.09.000000000 上午','DD-MON-RR HH.MI.SSXFF AM'),0,0,1);
Insert into ADMINSYSTEM.SYS_PERMISSION (ID,NAME,DESCRIPTION,CODE,SYS_PERMISSION_GROUP_ID,IS_FINAL,RANK,CREATE_TIME,UPDATE_TIME,CREATE_BY,UPDATE_BY,STATUS) values (43,'列表','ip列表','ip:list',8,2,0,to_timestamp('29-10月-16 11.45.09.000000000 上午','DD-MON-RR HH.MI.SSXFF AM'),to_timestamp('29-10月-16 11.45.09.000000000 上午','DD-MON-RR HH.MI.SSXFF AM'),0,0,1);
Insert into ADMINSYSTEM.SYS_PERMISSION (ID,NAME,DESCRIPTION,CODE,SYS_PERMISSION_GROUP_ID,IS_FINAL,RANK,CREATE_TIME,UPDATE_TIME,CREATE_BY,UPDATE_BY,STATUS) values (44,'字典组列表','字典组列表','data:group:list',6,2,0,to_timestamp('29-10月-16 11.45.09.000000000 上午','DD-MON-RR HH.MI.SSXFF AM'),to_timestamp('29-10月-16 11.45.09.000000000 上午','DD-MON-RR HH.MI.SSXFF AM'),0,0,1);
Insert into ADMINSYSTEM.SYS_PERMISSION (ID,NAME,DESCRIPTION,CODE,SYS_PERMISSION_GROUP_ID,IS_FINAL,RANK,CREATE_TIME,UPDATE_TIME,CREATE_BY,UPDATE_BY,STATUS) values (45,'新增字典组','新增字典组','data:group:insert',6,2,0,to_timestamp('29-10月-16 11.45.09.000000000 上午','DD-MON-RR HH.MI.SSXFF AM'),to_timestamp('29-10月-16 11.45.09.000000000 上午','DD-MON-RR HH.MI.SSXFF AM'),0,0,1);
Insert into ADMINSYSTEM.SYS_PERMISSION (ID,NAME,DESCRIPTION,CODE,SYS_PERMISSION_GROUP_ID,IS_FINAL,RANK,CREATE_TIME,UPDATE_TIME,CREATE_BY,UPDATE_BY,STATUS) values (46,'列表','列表','log:list',9,2,0,to_timestamp('29-10月-16 11.45.09.000000000 上午','DD-MON-RR HH.MI.SSXFF AM'),to_timestamp('29-10月-16 11.45.09.000000000 上午','DD-MON-RR HH.MI.SSXFF AM'),0,0,1);
Insert into ADMINSYSTEM.SYS_PERMISSION (ID,NAME,DESCRIPTION,CODE,SYS_PERMISSION_GROUP_ID,IS_FINAL,RANK,CREATE_TIME,UPDATE_TIME,CREATE_BY,UPDATE_BY,STATUS) values (47,'引导','引导界面','system:index',10,1,0,to_timestamp('29-10月-16 11.45.09.000000000 上午','DD-MON-RR HH.MI.SSXFF AM'),to_timestamp('29-10月-16 11.45.09.000000000 上午','DD-MON-RR HH.MI.SSXFF AM'),0,0,1);
REM INSERTING into ADMINSYSTEM.SYS_PERMISSION_GROUP
SET DEFINE OFF;
Insert into ADMINSYSTEM.SYS_PERMISSION_GROUP (ID,NAME,DESCRIPTION,PARENT_ID,IS_FINAL,RANK,CREATE_TIME,UPDATE_TIME,CREATE_BY,UPDATE_BY,STATUS) values (1,'用户管理','用户数据增删改查',0,2,0,to_timestamp('29-10月-16 11.45.09.000000000 上午','DD-MON-RR HH.MI.SSXFF AM'),to_timestamp('29-10月-16 11.45.09.000000000 上午','DD-MON-RR HH.MI.SSXFF AM'),0,0,1);
Insert into ADMINSYSTEM.SYS_PERMISSION_GROUP (ID,NAME,DESCRIPTION,PARENT_ID,IS_FINAL,RANK,CREATE_TIME,UPDATE_TIME,CREATE_BY,UPDATE_BY,STATUS) values (2,'权限管理','权限数据增删改查',0,2,0,to_timestamp('29-10月-16 11.45.09.000000000 上午','DD-MON-RR HH.MI.SSXFF AM'),to_timestamp('29-10月-16 11.45.09.000000000 上午','DD-MON-RR HH.MI.SSXFF AM'),0,0,1);
Insert into ADMINSYSTEM.SYS_PERMISSION_GROUP (ID,NAME,DESCRIPTION,PARENT_ID,IS_FINAL,RANK,CREATE_TIME,UPDATE_TIME,CREATE_BY,UPDATE_BY,STATUS) values (3,'角色管理','角色数据增删改查',0,2,0,to_timestamp('29-10月-16 11.45.09.000000000 上午','DD-MON-RR HH.MI.SSXFF AM'),to_timestamp('29-10月-16 11.45.09.000000000 上午','DD-MON-RR HH.MI.SSXFF AM'),0,0,1);
Insert into ADMINSYSTEM.SYS_PERMISSION_GROUP (ID,NAME,DESCRIPTION,PARENT_ID,IS_FINAL,RANK,CREATE_TIME,UPDATE_TIME,CREATE_BY,UPDATE_BY,STATUS) values (4,'组织机构管理','组织机构数据增删改查',0,2,0,to_timestamp('29-10月-16 11.45.09.000000000 上午','DD-MON-RR HH.MI.SSXFF AM'),to_timestamp('29-10月-16 11.45.09.000000000 上午','DD-MON-RR HH.MI.SSXFF AM'),0,0,1);
Insert into ADMINSYSTEM.SYS_PERMISSION_GROUP (ID,NAME,DESCRIPTION,PARENT_ID,IS_FINAL,RANK,CREATE_TIME,UPDATE_TIME,CREATE_BY,UPDATE_BY,STATUS) values (5,'职位管理','职位数据增删改查',0,2,0,to_timestamp('29-10月-16 11.45.09.000000000 上午','DD-MON-RR HH.MI.SSXFF AM'),to_timestamp('29-10月-16 11.45.09.000000000 上午','DD-MON-RR HH.MI.SSXFF AM'),0,0,1);
Insert into ADMINSYSTEM.SYS_PERMISSION_GROUP (ID,NAME,DESCRIPTION,PARENT_ID,IS_FINAL,RANK,CREATE_TIME,UPDATE_TIME,CREATE_BY,UPDATE_BY,STATUS) values (6,'字典管理','字典数据增删改查',0,2,0,to_timestamp('29-10月-16 11.45.09.000000000 上午','DD-MON-RR HH.MI.SSXFF AM'),to_timestamp('29-10月-16 11.45.09.000000000 上午','DD-MON-RR HH.MI.SSXFF AM'),0,0,1);
Insert into ADMINSYSTEM.SYS_PERMISSION_GROUP (ID,NAME,DESCRIPTION,PARENT_ID,IS_FINAL,RANK,CREATE_TIME,UPDATE_TIME,CREATE_BY,UPDATE_BY,STATUS) values (7,'数据库','数据库监控',0,2,0,to_timestamp('29-10月-16 11.45.09.000000000 上午','DD-MON-RR HH.MI.SSXFF AM'),to_timestamp('29-10月-16 11.45.09.000000000 上午','DD-MON-RR HH.MI.SSXFF AM'),0,0,1);
Insert into ADMINSYSTEM.SYS_PERMISSION_GROUP (ID,NAME,DESCRIPTION,PARENT_ID,IS_FINAL,RANK,CREATE_TIME,UPDATE_TIME,CREATE_BY,UPDATE_BY,STATUS) values (8,'安全','安全',0,2,0,to_timestamp('29-10月-16 11.45.09.000000000 上午','DD-MON-RR HH.MI.SSXFF AM'),to_timestamp('29-10月-16 11.45.09.000000000 上午','DD-MON-RR HH.MI.SSXFF AM'),0,0,1);
Insert into ADMINSYSTEM.SYS_PERMISSION_GROUP (ID,NAME,DESCRIPTION,PARENT_ID,IS_FINAL,RANK,CREATE_TIME,UPDATE_TIME,CREATE_BY,UPDATE_BY,STATUS) values (9,'日志','日志',0,2,0,to_timestamp('29-10月-16 11.45.09.000000000 上午','DD-MON-RR HH.MI.SSXFF AM'),to_timestamp('29-10月-16 11.45.09.000000000 上午','DD-MON-RR HH.MI.SSXFF AM'),0,0,1);
Insert into ADMINSYSTEM.SYS_PERMISSION_GROUP (ID,NAME,DESCRIPTION,PARENT_ID,IS_FINAL,RANK,CREATE_TIME,UPDATE_TIME,CREATE_BY,UPDATE_BY,STATUS) values (10,'其他','其他',0,2,0,to_timestamp('29-10月-16 11.45.09.000000000 上午','DD-MON-RR HH.MI.SSXFF AM'),to_timestamp('29-10月-16 11.45.09.000000000 上午','DD-MON-RR HH.MI.SSXFF AM'),0,0,1);
REM INSERTING into ADMINSYSTEM.SYS_ROLE
SET DEFINE OFF;
Insert into ADMINSYSTEM.SYS_ROLE (ID,DESCRIPTION,NAME,RANK,IS_FINAL,CREATE_TIME,UPDATE_TIME,CREATE_BY,UPDATE_BY,STATUS) values (1,'超级管理员','超级管理员',0,2,to_timestamp('29-10月-16 11.45.09.000000000 上午','DD-MON-RR HH.MI.SSXFF AM'),to_timestamp('29-10月-16 11.45.09.000000000 上午','DD-MON-RR HH.MI.SSXFF AM'),0,0,1);
Insert into ADMINSYSTEM.SYS_ROLE (ID,DESCRIPTION,NAME,RANK,IS_FINAL,CREATE_TIME,UPDATE_TIME,CREATE_BY,UPDATE_BY,STATUS) values (2,'管理员','管理员',0,1,to_timestamp('29-10月-16 11.45.09.000000000 上午','DD-MON-RR HH.MI.SSXFF AM'),to_timestamp('29-10月-16 11.45.09.000000000 上午','DD-MON-RR HH.MI.SSXFF AM'),0,0,1);
Insert into ADMINSYSTEM.SYS_ROLE (ID,DESCRIPTION,NAME,RANK,IS_FINAL,CREATE_TIME,UPDATE_TIME,CREATE_BY,UPDATE_BY,STATUS) values (3,'分公司总经理','分公司总经理',0,2,to_timestamp('29-10月-16 11.45.09.000000000 上午','DD-MON-RR HH.MI.SSXFF AM'),to_timestamp('29-10月-16 11.45.09.000000000 上午','DD-MON-RR HH.MI.SSXFF AM'),0,0,1);
Insert into ADMINSYSTEM.SYS_ROLE (ID,DESCRIPTION,NAME,RANK,IS_FINAL,CREATE_TIME,UPDATE_TIME,CREATE_BY,UPDATE_BY,STATUS) values (4,'分公司部门经理','分公司部门经理',0,2,to_timestamp('29-10月-16 11.45.09.000000000 上午','DD-MON-RR HH.MI.SSXFF AM'),to_timestamp('29-10月-16 11.45.09.000000000 上午','DD-MON-RR HH.MI.SSXFF AM'),0,0,1);
Insert into ADMINSYSTEM.SYS_ROLE (ID,DESCRIPTION,NAME,RANK,IS_FINAL,CREATE_TIME,UPDATE_TIME,CREATE_BY,UPDATE_BY,STATUS) values (5,'集团总经理','集团总经理',0,2,to_timestamp('29-10月-16 11.45.09.000000000 上午','DD-MON-RR HH.MI.SSXFF AM'),to_timestamp('29-10月-16 11.45.09.000000000 上午','DD-MON-RR HH.MI.SSXFF AM'),0,0,1);
REM INSERTING into ADMINSYSTEM.SYS_ROLE_ORGANIZATION
SET DEFINE OFF;
Insert into ADMINSYSTEM.SYS_ROLE_ORGANIZATION (ID,SYS_ORGANIZATION_ID,SYS_ROLE_ID,PARENT_ID,NAME,FULL_NAME,DESCRIPTION,RANK,CREATE_TIME,UPDATE_TIME,CREATE_BY,UPDATE_BY,STATUS,IS_FINAL) values (1,0,0,0,'系统','系统','系统',0,to_timestamp('29-10月-16 11.45.09.000000000 上午','DD-MON-RR HH.MI.SSXFF AM'),to_timestamp('29-10月-16 11.45.09.000000000 上午','DD-MON-RR HH.MI.SSXFF AM'),0,0,1,2);
Insert into ADMINSYSTEM.SYS_ROLE_ORGANIZATION (ID,SYS_ORGANIZATION_ID,SYS_ROLE_ID,PARENT_ID,NAME,FULL_NAME,DESCRIPTION,RANK,CREATE_TIME,UPDATE_TIME,CREATE_BY,UPDATE_BY,STATUS,IS_FINAL) values (2,2,1,1,'系统超级管理员','系统超级管理员','系统超级管理员',0,to_timestamp('29-10月-16 11.45.09.000000000 上午','DD-MON-RR HH.MI.SSXFF AM'),to_timestamp('29-10月-16 11.45.09.000000000 上午','DD-MON-RR HH.MI.SSXFF AM'),0,0,1,2);
Insert into ADMINSYSTEM.SYS_ROLE_ORGANIZATION (ID,SYS_ORGANIZATION_ID,SYS_ROLE_ID,PARENT_ID,NAME,FULL_NAME,DESCRIPTION,RANK,CREATE_TIME,UPDATE_TIME,CREATE_BY,UPDATE_BY,STATUS,IS_FINAL) values (3,2,5,1,'集团总经理','集团总经理','集团总经理',0,to_timestamp('29-10月-16 11.45.09.000000000 上午','DD-MON-RR HH.MI.SSXFF AM'),to_timestamp('29-10月-16 11.45.09.000000000 上午','DD-MON-RR HH.MI.SSXFF AM'),0,0,1,2);
Insert into ADMINSYSTEM.SYS_ROLE_ORGANIZATION (ID,SYS_ORGANIZATION_ID,SYS_ROLE_ID,PARENT_ID,NAME,FULL_NAME,DESCRIPTION,RANK,CREATE_TIME,UPDATE_TIME,CREATE_BY,UPDATE_BY,STATUS,IS_FINAL) values (4,3,3,3,'深圳分公司总经理','xxx深圳分公司总经理','xxx深圳分公司总经理',0,to_timestamp('29-10月-16 11.45.09.000000000 上午','DD-MON-RR HH.MI.SSXFF AM'),to_timestamp('29-10月-16 11.45.09.000000000 上午','DD-MON-RR HH.MI.SSXFF AM'),0,0,1,2);
Insert into ADMINSYSTEM.SYS_ROLE_ORGANIZATION (ID,SYS_ORGANIZATION_ID,SYS_ROLE_ID,PARENT_ID,NAME,FULL_NAME,DESCRIPTION,RANK,CREATE_TIME,UPDATE_TIME,CREATE_BY,UPDATE_BY,STATUS,IS_FINAL) values (5,6,4,4,'xxx深圳分公司研发部经理','xxx深圳分公司研发部经理','xxx深圳分公司研发部经理',0,to_timestamp('29-10月-16 11.45.09.000000000 上午','DD-MON-RR HH.MI.SSXFF AM'),to_timestamp('29-10月-16 11.45.09.000000000 上午','DD-MON-RR HH.MI.SSXFF AM'),0,0,1,2);
Insert into ADMINSYSTEM.SYS_ROLE_ORGANIZATION (ID,SYS_ORGANIZATION_ID,SYS_ROLE_ID,PARENT_ID,NAME,FULL_NAME,DESCRIPTION,RANK,CREATE_TIME,UPDATE_TIME,CREATE_BY,UPDATE_BY,STATUS,IS_FINAL) values (6,2,2,2,'系统管理员','系统管理员','系统管理员',0,to_timestamp('29-10月-16 11.45.09.000000000 上午','DD-MON-RR HH.MI.SSXFF AM'),to_timestamp('29-10月-16 11.45.09.000000000 上午','DD-MON-RR HH.MI.SSXFF AM'),0,0,1,2);
REM INSERTING into ADMINSYSTEM.SYS_ROLE_PERMISSION
SET DEFINE OFF;
Insert into ADMINSYSTEM.SYS_ROLE_PERMISSION (ID,SYS_PERMISSION_ID,SYS_ROLE_ID,RANK,CREATE_TIME,UPDATE_TIME,CREATE_BY,UPDATE_BY,STATUS) values (185,45,1,0,to_timestamp('29-10月-16 11.45.09.000000000 上午','DD-MON-RR HH.MI.SSXFF AM'),to_timestamp('29-10月-16 11.45.09.000000000 上午','DD-MON-RR HH.MI.SSXFF AM'),0,0,1);
Insert into ADMINSYSTEM.SYS_ROLE_PERMISSION (ID,SYS_PERMISSION_ID,SYS_ROLE_ID,RANK,CREATE_TIME,UPDATE_TIME,CREATE_BY,UPDATE_BY,STATUS) values (186,34,1,0,to_timestamp('29-10月-16 11.45.09.000000000 上午','DD-MON-RR HH.MI.SSXFF AM'),to_timestamp('29-10月-16 11.45.09.000000000 上午','DD-MON-RR HH.MI.SSXFF AM'),0,0,1);
Insert into ADMINSYSTEM.SYS_ROLE_PERMISSION (ID,SYS_PERMISSION_ID,SYS_ROLE_ID,RANK,CREATE_TIME,UPDATE_TIME,CREATE_BY,UPDATE_BY,STATUS) values (187,39,1,0,to_timestamp('29-10月-16 11.45.09.000000000 上午','DD-MON-RR HH.MI.SSXFF AM'),to_timestamp('29-10月-16 11.45.09.000000000 上午','DD-MON-RR HH.MI.SSXFF AM'),0,0,1);
Insert into ADMINSYSTEM.SYS_ROLE_PERMISSION (ID,SYS_PERMISSION_ID,SYS_ROLE_ID,RANK,CREATE_TIME,UPDATE_TIME,CREATE_BY,UPDATE_BY,STATUS) values (188,40,1,0,to_timestamp('29-10月-16 11.45.09.000000000 上午','DD-MON-RR HH.MI.SSXFF AM'),to_timestamp('29-10月-16 11.45.09.000000000 上午','DD-MON-RR HH.MI.SSXFF AM'),0,0,1);
Insert into ADMINSYSTEM.SYS_ROLE_PERMISSION (ID,SYS_PERMISSION_ID,SYS_ROLE_ID,RANK,CREATE_TIME,UPDATE_TIME,CREATE_BY,UPDATE_BY,STATUS) values (189,41,1,0,to_timestamp('29-10月-16 11.45.09.000000000 上午','DD-MON-RR HH.MI.SSXFF AM'),to_timestamp('29-10月-16 11.45.09.000000000 上午','DD-MON-RR HH.MI.SSXFF AM'),0,0,1);
Insert into ADMINSYSTEM.SYS_ROLE_PERMISSION (ID,SYS_PERMISSION_ID,SYS_ROLE_ID,RANK,CREATE_TIME,UPDATE_TIME,CREATE_BY,UPDATE_BY,STATUS) values (190,42,1,0,to_timestamp('29-10月-16 11.45.09.000000000 上午','DD-MON-RR HH.MI.SSXFF AM'),to_timestamp('29-10月-16 11.45.09.000000000 上午','DD-MON-RR HH.MI.SSXFF AM'),0,0,1);
Insert into ADMINSYSTEM.SYS_ROLE_PERMISSION (ID,SYS_PERMISSION_ID,SYS_ROLE_ID,RANK,CREATE_TIME,UPDATE_TIME,CREATE_BY,UPDATE_BY,STATUS) values (191,43,1,0,to_timestamp('29-10月-16 11.45.09.000000000 上午','DD-MON-RR HH.MI.SSXFF AM'),to_timestamp('29-10月-16 11.45.09.000000000 上午','DD-MON-RR HH.MI.SSXFF AM'),0,0,1);
Insert into ADMINSYSTEM.SYS_ROLE_PERMISSION (ID,SYS_PERMISSION_ID,SYS_ROLE_ID,RANK,CREATE_TIME,UPDATE_TIME,CREATE_BY,UPDATE_BY,STATUS) values (192,46,1,0,to_timestamp('29-10月-16 11.45.09.000000000 上午','DD-MON-RR HH.MI.SSXFF AM'),to_timestamp('29-10月-16 11.45.09.000000000 上午','DD-MON-RR HH.MI.SSXFF AM'),0,0,1);
Insert into ADMINSYSTEM.SYS_ROLE_PERMISSION (ID,SYS_PERMISSION_ID,SYS_ROLE_ID,RANK,CREATE_TIME,UPDATE_TIME,CREATE_BY,UPDATE_BY,STATUS) values (193,5,2,0,to_timestamp('29-10月-16 11.45.09.000000000 上午','DD-MON-RR HH.MI.SSXFF AM'),to_timestamp('29-10月-16 11.45.09.000000000 上午','DD-MON-RR HH.MI.SSXFF AM'),0,0,2);
Insert into ADMINSYSTEM.SYS_ROLE_PERMISSION (ID,SYS_PERMISSION_ID,SYS_ROLE_ID,RANK,CREATE_TIME,UPDATE_TIME,CREATE_BY,UPDATE_BY,STATUS) values (194,10,2,0,to_timestamp('29-10月-16 11.45.09.000000000 上午','DD-MON-RR HH.MI.SSXFF AM'),to_timestamp('29-10月-16 11.45.09.000000000 上午','DD-MON-RR HH.MI.SSXFF AM'),0,0,2);
Insert into ADMINSYSTEM.SYS_ROLE_PERMISSION (ID,SYS_PERMISSION_ID,SYS_ROLE_ID,RANK,CREATE_TIME,UPDATE_TIME,CREATE_BY,UPDATE_BY,STATUS) values (195,15,2,0,to_timestamp('29-10月-16 11.45.09.000000000 上午','DD-MON-RR HH.MI.SSXFF AM'),to_timestamp('29-10月-16 11.45.09.000000000 上午','DD-MON-RR HH.MI.SSXFF AM'),0,0,2);
Insert into ADMINSYSTEM.SYS_ROLE_PERMISSION (ID,SYS_PERMISSION_ID,SYS_ROLE_ID,RANK,CREATE_TIME,UPDATE_TIME,CREATE_BY,UPDATE_BY,STATUS) values (196,20,2,0,to_timestamp('29-10月-16 11.45.09.000000000 上午','DD-MON-RR HH.MI.SSXFF AM'),to_timestamp('29-10月-16 11.45.09.000000000 上午','DD-MON-RR HH.MI.SSXFF AM'),0,0,2);
Insert into ADMINSYSTEM.SYS_ROLE_PERMISSION (ID,SYS_PERMISSION_ID,SYS_ROLE_ID,RANK,CREATE_TIME,UPDATE_TIME,CREATE_BY,UPDATE_BY,STATUS) values (197,25,2,0,to_timestamp('29-10月-16 11.45.09.000000000 上午','DD-MON-RR HH.MI.SSXFF AM'),to_timestamp('29-10月-16 11.45.09.000000000 上午','DD-MON-RR HH.MI.SSXFF AM'),0,0,2);
Insert into ADMINSYSTEM.SYS_ROLE_PERMISSION (ID,SYS_PERMISSION_ID,SYS_ROLE_ID,RANK,CREATE_TIME,UPDATE_TIME,CREATE_BY,UPDATE_BY,STATUS) values (198,30,2,0,to_timestamp('29-10月-16 11.45.09.000000000 上午','DD-MON-RR HH.MI.SSXFF AM'),to_timestamp('29-10月-16 11.45.09.000000000 上午','DD-MON-RR HH.MI.SSXFF AM'),0,0,2);
Insert into ADMINSYSTEM.SYS_ROLE_PERMISSION (ID,SYS_PERMISSION_ID,SYS_ROLE_ID,RANK,CREATE_TIME,UPDATE_TIME,CREATE_BY,UPDATE_BY,STATUS) values (199,43,2,0,to_timestamp('29-10月-16 11.45.09.000000000 上午','DD-MON-RR HH.MI.SSXFF AM'),to_timestamp('29-10月-16 11.45.09.000000000 上午','DD-MON-RR HH.MI.SSXFF AM'),0,0,2);
Insert into ADMINSYSTEM.SYS_ROLE_PERMISSION (ID,SYS_PERMISSION_ID,SYS_ROLE_ID,RANK,CREATE_TIME,UPDATE_TIME,CREATE_BY,UPDATE_BY,STATUS) values (200,38,2,0,to_timestamp('29-10月-16 11.45.09.000000000 上午','DD-MON-RR HH.MI.SSXFF AM'),to_timestamp('29-10月-16 11.45.09.000000000 上午','DD-MON-RR HH.MI.SSXFF AM'),0,0,2);
Insert into ADMINSYSTEM.SYS_ROLE_PERMISSION (ID,SYS_PERMISSION_ID,SYS_ROLE_ID,RANK,CREATE_TIME,UPDATE_TIME,CREATE_BY,UPDATE_BY,STATUS) values (201,44,2,0,to_timestamp('29-10月-16 11.45.09.000000000 上午','DD-MON-RR HH.MI.SSXFF AM'),to_timestamp('29-10月-16 11.45.09.000000000 上午','DD-MON-RR HH.MI.SSXFF AM'),0,0,2);
Insert into ADMINSYSTEM.SYS_ROLE_PERMISSION (ID,SYS_PERMISSION_ID,SYS_ROLE_ID,RANK,CREATE_TIME,UPDATE_TIME,CREATE_BY,UPDATE_BY,STATUS) values (202,36,2,0,to_timestamp('29-10月-16 11.45.09.000000000 上午','DD-MON-RR HH.MI.SSXFF AM'),to_timestamp('29-10月-16 11.45.09.000000000 上午','DD-MON-RR HH.MI.SSXFF AM'),0,0,2);
Insert into ADMINSYSTEM.SYS_ROLE_PERMISSION (ID,SYS_PERMISSION_ID,SYS_ROLE_ID,RANK,CREATE_TIME,UPDATE_TIME,CREATE_BY,UPDATE_BY,STATUS) values (203,34,2,0,to_timestamp('29-10月-16 11.45.09.000000000 上午','DD-MON-RR HH.MI.SSXFF AM'),to_timestamp('29-10月-16 11.45.09.000000000 上午','DD-MON-RR HH.MI.SSXFF AM'),0,0,2);
Insert into ADMINSYSTEM.SYS_ROLE_PERMISSION (ID,SYS_PERMISSION_ID,SYS_ROLE_ID,RANK,CREATE_TIME,UPDATE_TIME,CREATE_BY,UPDATE_BY,STATUS) values (204,46,2,0,to_timestamp('29-10月-16 11.45.09.000000000 上午','DD-MON-RR HH.MI.SSXFF AM'),to_timestamp('29-10月-16 11.45.09.000000000 上午','DD-MON-RR HH.MI.SSXFF AM'),0,0,2);
Insert into ADMINSYSTEM.SYS_ROLE_PERMISSION (ID,SYS_PERMISSION_ID,SYS_ROLE_ID,RANK,CREATE_TIME,UPDATE_TIME,CREATE_BY,UPDATE_BY,STATUS) values (205,5,2,0,to_timestamp('29-10月-16 11.45.09.000000000 上午','DD-MON-RR HH.MI.SSXFF AM'),to_timestamp('29-10月-16 11.45.09.000000000 上午','DD-MON-RR HH.MI.SSXFF AM'),0,0,2);
Insert into ADMINSYSTEM.SYS_ROLE_PERMISSION (ID,SYS_PERMISSION_ID,SYS_ROLE_ID,RANK,CREATE_TIME,UPDATE_TIME,CREATE_BY,UPDATE_BY,STATUS) values (206,10,2,0,to_timestamp('29-10月-16 11.45.09.000000000 上午','DD-MON-RR HH.MI.SSXFF AM'),to_timestamp('29-10月-16 11.45.09.000000000 上午','DD-MON-RR HH.MI.SSXFF AM'),0,0,2);
Insert into ADMINSYSTEM.SYS_ROLE_PERMISSION (ID,SYS_PERMISSION_ID,SYS_ROLE_ID,RANK,CREATE_TIME,UPDATE_TIME,CREATE_BY,UPDATE_BY,STATUS) values (207,15,2,0,to_timestamp('29-10月-16 11.45.09.000000000 上午','DD-MON-RR HH.MI.SSXFF AM'),to_timestamp('29-10月-16 11.45.09.000000000 上午','DD-MON-RR HH.MI.SSXFF AM'),0,0,2);
Insert into ADMINSYSTEM.SYS_ROLE_PERMISSION (ID,SYS_PERMISSION_ID,SYS_ROLE_ID,RANK,CREATE_TIME,UPDATE_TIME,CREATE_BY,UPDATE_BY,STATUS) values (208,20,2,0,to_timestamp('29-10月-16 11.45.09.000000000 上午','DD-MON-RR HH.MI.SSXFF AM'),to_timestamp('29-10月-16 11.45.09.000000000 上午','DD-MON-RR HH.MI.SSXFF AM'),0,0,2);
Insert into ADMINSYSTEM.SYS_ROLE_PERMISSION (ID,SYS_PERMISSION_ID,SYS_ROLE_ID,RANK,CREATE_TIME,UPDATE_TIME,CREATE_BY,UPDATE_BY,STATUS) values (209,25,2,0,to_timestamp('29-10月-16 11.45.09.000000000 上午','DD-MON-RR HH.MI.SSXFF AM'),to_timestamp('29-10月-16 11.45.09.000000000 上午','DD-MON-RR HH.MI.SSXFF AM'),0,0,2);
Insert into ADMINSYSTEM.SYS_ROLE_PERMISSION (ID,SYS_PERMISSION_ID,SYS_ROLE_ID,RANK,CREATE_TIME,UPDATE_TIME,CREATE_BY,UPDATE_BY,STATUS) values (210,30,2,0,to_timestamp('29-10月-16 11.45.09.000000000 上午','DD-MON-RR HH.MI.SSXFF AM'),to_timestamp('29-10月-16 11.45.09.000000000 上午','DD-MON-RR HH.MI.SSXFF AM'),0,0,2);
Insert into ADMINSYSTEM.SYS_ROLE_PERMISSION (ID,SYS_PERMISSION_ID,SYS_ROLE_ID,RANK,CREATE_TIME,UPDATE_TIME,CREATE_BY,UPDATE_BY,STATUS) values (211,38,2,0,to_timestamp('29-10月-16 11.45.09.000000000 上午','DD-MON-RR HH.MI.SSXFF AM'),to_timestamp('29-10月-16 11.45.09.000000000 上午','DD-MON-RR HH.MI.SSXFF AM'),0,0,2);
Insert into ADMINSYSTEM.SYS_ROLE_PERMISSION (ID,SYS_PERMISSION_ID,SYS_ROLE_ID,RANK,CREATE_TIME,UPDATE_TIME,CREATE_BY,UPDATE_BY,STATUS) values (212,44,2,0,to_timestamp('29-10月-16 11.45.09.000000000 上午','DD-MON-RR HH.MI.SSXFF AM'),to_timestamp('29-10月-16 11.45.09.000000000 上午','DD-MON-RR HH.MI.SSXFF AM'),0,0,2);
Insert into ADMINSYSTEM.SYS_ROLE_PERMISSION (ID,SYS_PERMISSION_ID,SYS_ROLE_ID,RANK,CREATE_TIME,UPDATE_TIME,CREATE_BY,UPDATE_BY,STATUS) values (213,36,2,0,to_timestamp('29-10月-16 11.45.09.000000000 上午','DD-MON-RR HH.MI.SSXFF AM'),to_timestamp('29-10月-16 11.45.09.000000000 上午','DD-MON-RR HH.MI.SSXFF AM'),0,0,2);
Insert into ADMINSYSTEM.SYS_ROLE_PERMISSION (ID,SYS_PERMISSION_ID,SYS_ROLE_ID,RANK,CREATE_TIME,UPDATE_TIME,CREATE_BY,UPDATE_BY,STATUS) values (214,34,2,0,to_timestamp('29-10月-16 11.45.09.000000000 上午','DD-MON-RR HH.MI.SSXFF AM'),to_timestamp('29-10月-16 11.45.09.000000000 上午','DD-MON-RR HH.MI.SSXFF AM'),0,0,2);
Insert into ADMINSYSTEM.SYS_ROLE_PERMISSION (ID,SYS_PERMISSION_ID,SYS_ROLE_ID,RANK,CREATE_TIME,UPDATE_TIME,CREATE_BY,UPDATE_BY,STATUS) values (215,46,2,0,to_timestamp('29-10月-16 11.45.09.000000000 上午','DD-MON-RR HH.MI.SSXFF AM'),to_timestamp('29-10月-16 11.45.09.000000000 上午','DD-MON-RR HH.MI.SSXFF AM'),0,0,2);
Insert into ADMINSYSTEM.SYS_ROLE_PERMISSION (ID,SYS_PERMISSION_ID,SYS_ROLE_ID,RANK,CREATE_TIME,UPDATE_TIME,CREATE_BY,UPDATE_BY,STATUS) values (216,5,2,0,to_timestamp('29-10月-16 11.45.09.000000000 上午','DD-MON-RR HH.MI.SSXFF AM'),to_timestamp('29-10月-16 11.45.09.000000000 上午','DD-MON-RR HH.MI.SSXFF AM'),0,0,1);
Insert into ADMINSYSTEM.SYS_ROLE_PERMISSION (ID,SYS_PERMISSION_ID,SYS_ROLE_ID,RANK,CREATE_TIME,UPDATE_TIME,CREATE_BY,UPDATE_BY,STATUS) values (217,10,2,0,to_timestamp('29-10月-16 11.45.09.000000000 上午','DD-MON-RR HH.MI.SSXFF AM'),to_timestamp('29-10月-16 11.45.09.000000000 上午','DD-MON-RR HH.MI.SSXFF AM'),0,0,1);
Insert into ADMINSYSTEM.SYS_ROLE_PERMISSION (ID,SYS_PERMISSION_ID,SYS_ROLE_ID,RANK,CREATE_TIME,UPDATE_TIME,CREATE_BY,UPDATE_BY,STATUS) values (218,15,2,0,to_timestamp('29-10月-16 11.45.09.000000000 上午','DD-MON-RR HH.MI.SSXFF AM'),to_timestamp('29-10月-16 11.45.09.000000000 上午','DD-MON-RR HH.MI.SSXFF AM'),0,0,1);
Insert into ADMINSYSTEM.SYS_ROLE_PERMISSION (ID,SYS_PERMISSION_ID,SYS_ROLE_ID,RANK,CREATE_TIME,UPDATE_TIME,CREATE_BY,UPDATE_BY,STATUS) values (219,20,2,0,to_timestamp('29-10月-16 11.45.09.000000000 上午','DD-MON-RR HH.MI.SSXFF AM'),to_timestamp('29-10月-16 11.45.09.000000000 上午','DD-MON-RR HH.MI.SSXFF AM'),0,0,1);
Insert into ADMINSYSTEM.SYS_ROLE_PERMISSION (ID,SYS_PERMISSION_ID,SYS_ROLE_ID,RANK,CREATE_TIME,UPDATE_TIME,CREATE_BY,UPDATE_BY,STATUS) values (220,25,2,0,to_timestamp('29-10月-16 11.45.09.000000000 上午','DD-MON-RR HH.MI.SSXFF AM'),to_timestamp('29-10月-16 11.45.09.000000000 上午','DD-MON-RR HH.MI.SSXFF AM'),0,0,1);
Insert into ADMINSYSTEM.SYS_ROLE_PERMISSION (ID,SYS_PERMISSION_ID,SYS_ROLE_ID,RANK,CREATE_TIME,UPDATE_TIME,CREATE_BY,UPDATE_BY,STATUS) values (221,30,2,0,to_timestamp('29-10月-16 11.45.09.000000000 上午','DD-MON-RR HH.MI.SSXFF AM'),to_timestamp('29-10月-16 11.45.09.000000000 上午','DD-MON-RR HH.MI.SSXFF AM'),0,0,1);
Insert into ADMINSYSTEM.SYS_ROLE_PERMISSION (ID,SYS_PERMISSION_ID,SYS_ROLE_ID,RANK,CREATE_TIME,UPDATE_TIME,CREATE_BY,UPDATE_BY,STATUS) values (222,38,2,0,to_timestamp('29-10月-16 11.45.09.000000000 上午','DD-MON-RR HH.MI.SSXFF AM'),to_timestamp('29-10月-16 11.45.09.000000000 上午','DD-MON-RR HH.MI.SSXFF AM'),0,0,1);
Insert into ADMINSYSTEM.SYS_ROLE_PERMISSION (ID,SYS_PERMISSION_ID,SYS_ROLE_ID,RANK,CREATE_TIME,UPDATE_TIME,CREATE_BY,UPDATE_BY,STATUS) values (223,44,2,0,to_timestamp('29-10月-16 11.45.09.000000000 上午','DD-MON-RR HH.MI.SSXFF AM'),to_timestamp('29-10月-16 11.45.09.000000000 上午','DD-MON-RR HH.MI.SSXFF AM'),0,0,1);
Insert into ADMINSYSTEM.SYS_ROLE_PERMISSION (ID,SYS_PERMISSION_ID,SYS_ROLE_ID,RANK,CREATE_TIME,UPDATE_TIME,CREATE_BY,UPDATE_BY,STATUS) values (224,36,2,0,to_timestamp('29-10月-16 11.45.09.000000000 上午','DD-MON-RR HH.MI.SSXFF AM'),to_timestamp('29-10月-16 11.45.09.000000000 上午','DD-MON-RR HH.MI.SSXFF AM'),0,0,1);
Insert into ADMINSYSTEM.SYS_ROLE_PERMISSION (ID,SYS_PERMISSION_ID,SYS_ROLE_ID,RANK,CREATE_TIME,UPDATE_TIME,CREATE_BY,UPDATE_BY,STATUS) values (225,34,2,0,to_timestamp('29-10月-16 11.45.09.000000000 上午','DD-MON-RR HH.MI.SSXFF AM'),to_timestamp('29-10月-16 11.45.09.000000000 上午','DD-MON-RR HH.MI.SSXFF AM'),0,0,1);
Insert into ADMINSYSTEM.SYS_ROLE_PERMISSION (ID,SYS_PERMISSION_ID,SYS_ROLE_ID,RANK,CREATE_TIME,UPDATE_TIME,CREATE_BY,UPDATE_BY,STATUS) values (226,46,2,0,to_timestamp('29-10月-16 11.45.09.000000000 上午','DD-MON-RR HH.MI.SSXFF AM'),to_timestamp('29-10月-16 11.45.09.000000000 上午','DD-MON-RR HH.MI.SSXFF AM'),0,0,1);
Insert into ADMINSYSTEM.SYS_ROLE_PERMISSION (ID,SYS_PERMISSION_ID,SYS_ROLE_ID,RANK,CREATE_TIME,UPDATE_TIME,CREATE_BY,UPDATE_BY,STATUS) values (227,43,2,0,to_timestamp('29-10月-16 11.45.09.000000000 上午','DD-MON-RR HH.MI.SSXFF AM'),to_timestamp('29-10月-16 11.45.09.000000000 上午','DD-MON-RR HH.MI.SSXFF AM'),0,0,1);
Insert into ADMINSYSTEM.SYS_ROLE_PERMISSION (ID,SYS_PERMISSION_ID,SYS_ROLE_ID,RANK,CREATE_TIME,UPDATE_TIME,CREATE_BY,UPDATE_BY,STATUS) values (1,1,1,0,to_timestamp('29-10月-16 11.45.09.000000000 上午','DD-MON-RR HH.MI.SSXFF AM'),to_timestamp('29-10月-16 11.45.09.000000000 上午','DD-MON-RR HH.MI.SSXFF AM'),0,0,2);
Insert into ADMINSYSTEM.SYS_ROLE_PERMISSION (ID,SYS_PERMISSION_ID,SYS_ROLE_ID,RANK,CREATE_TIME,UPDATE_TIME,CREATE_BY,UPDATE_BY,STATUS) values (2,2,1,0,to_timestamp('29-10月-16 11.45.09.000000000 上午','DD-MON-RR HH.MI.SSXFF AM'),to_timestamp('29-10月-16 11.45.09.000000000 上午','DD-MON-RR HH.MI.SSXFF AM'),0,0,2);
Insert into ADMINSYSTEM.SYS_ROLE_PERMISSION (ID,SYS_PERMISSION_ID,SYS_ROLE_ID,RANK,CREATE_TIME,UPDATE_TIME,CREATE_BY,UPDATE_BY,STATUS) values (3,3,1,0,to_timestamp('29-10月-16 11.45.09.000000000 上午','DD-MON-RR HH.MI.SSXFF AM'),to_timestamp('29-10月-16 11.45.09.000000000 上午','DD-MON-RR HH.MI.SSXFF AM'),0,0,2);
Insert into ADMINSYSTEM.SYS_ROLE_PERMISSION (ID,SYS_PERMISSION_ID,SYS_ROLE_ID,RANK,CREATE_TIME,UPDATE_TIME,CREATE_BY,UPDATE_BY,STATUS) values (4,4,1,0,to_timestamp('29-10月-16 11.45.09.000000000 上午','DD-MON-RR HH.MI.SSXFF AM'),to_timestamp('29-10月-16 11.45.09.000000000 上午','DD-MON-RR HH.MI.SSXFF AM'),0,0,2);
Insert into ADMINSYSTEM.SYS_ROLE_PERMISSION (ID,SYS_PERMISSION_ID,SYS_ROLE_ID,RANK,CREATE_TIME,UPDATE_TIME,CREATE_BY,UPDATE_BY,STATUS) values (5,5,1,0,to_timestamp('29-10月-16 11.45.09.000000000 上午','DD-MON-RR HH.MI.SSXFF AM'),to_timestamp('29-10月-16 11.45.09.000000000 上午','DD-MON-RR HH.MI.SSXFF AM'),0,0,2);
Insert into ADMINSYSTEM.SYS_ROLE_PERMISSION (ID,SYS_PERMISSION_ID,SYS_ROLE_ID,RANK,CREATE_TIME,UPDATE_TIME,CREATE_BY,UPDATE_BY,STATUS) values (6,31,1,0,to_timestamp('29-10月-16 11.45.09.000000000 上午','DD-MON-RR HH.MI.SSXFF AM'),to_timestamp('29-10月-16 11.45.09.000000000 上午','DD-MON-RR HH.MI.SSXFF AM'),0,0,2);
Insert into ADMINSYSTEM.SYS_ROLE_PERMISSION (ID,SYS_PERMISSION_ID,SYS_ROLE_ID,RANK,CREATE_TIME,UPDATE_TIME,CREATE_BY,UPDATE_BY,STATUS) values (7,32,1,0,to_timestamp('29-10月-16 11.45.09.000000000 上午','DD-MON-RR HH.MI.SSXFF AM'),to_timestamp('29-10月-16 11.45.09.000000000 上午','DD-MON-RR HH.MI.SSXFF AM'),0,0,2);
Insert into ADMINSYSTEM.SYS_ROLE_PERMISSION (ID,SYS_PERMISSION_ID,SYS_ROLE_ID,RANK,CREATE_TIME,UPDATE_TIME,CREATE_BY,UPDATE_BY,STATUS) values (8,33,1,0,to_timestamp('29-10月-16 11.45.09.000000000 上午','DD-MON-RR HH.MI.SSXFF AM'),to_timestamp('29-10月-16 11.45.09.000000000 上午','DD-MON-RR HH.MI.SSXFF AM'),0,0,2);
Insert into ADMINSYSTEM.SYS_ROLE_PERMISSION (ID,SYS_PERMISSION_ID,SYS_ROLE_ID,RANK,CREATE_TIME,UPDATE_TIME,CREATE_BY,UPDATE_BY,STATUS) values (9,6,1,0,to_timestamp('29-10月-16 11.45.09.000000000 上午','DD-MON-RR HH.MI.SSXFF AM'),to_timestamp('29-10月-16 11.45.09.000000000 上午','DD-MON-RR HH.MI.SSXFF AM'),0,0,2);
Insert into ADMINSYSTEM.SYS_ROLE_PERMISSION (ID,SYS_PERMISSION_ID,SYS_ROLE_ID,RANK,CREATE_TIME,UPDATE_TIME,CREATE_BY,UPDATE_BY,STATUS) values (10,7,1,0,to_timestamp('29-10月-16 11.45.09.000000000 上午','DD-MON-RR HH.MI.SSXFF AM'),to_timestamp('29-10月-16 11.45.09.000000000 上午','DD-MON-RR HH.MI.SSXFF AM'),0,0,2);
Insert into ADMINSYSTEM.SYS_ROLE_PERMISSION (ID,SYS_PERMISSION_ID,SYS_ROLE_ID,RANK,CREATE_TIME,UPDATE_TIME,CREATE_BY,UPDATE_BY,STATUS) values (11,8,1,0,to_timestamp('29-10月-16 11.45.09.000000000 上午','DD-MON-RR HH.MI.SSXFF AM'),to_timestamp('29-10月-16 11.45.09.000000000 上午','DD-MON-RR HH.MI.SSXFF AM'),0,0,2);
Insert into ADMINSYSTEM.SYS_ROLE_PERMISSION (ID,SYS_PERMISSION_ID,SYS_ROLE_ID,RANK,CREATE_TIME,UPDATE_TIME,CREATE_BY,UPDATE_BY,STATUS) values (12,9,1,0,to_timestamp('29-10月-16 11.45.09.000000000 上午','DD-MON-RR HH.MI.SSXFF AM'),to_timestamp('29-10月-16 11.45.09.000000000 上午','DD-MON-RR HH.MI.SSXFF AM'),0,0,2);
Insert into ADMINSYSTEM.SYS_ROLE_PERMISSION (ID,SYS_PERMISSION_ID,SYS_ROLE_ID,RANK,CREATE_TIME,UPDATE_TIME,CREATE_BY,UPDATE_BY,STATUS) values (13,10,1,0,to_timestamp('29-10月-16 11.45.09.000000000 上午','DD-MON-RR HH.MI.SSXFF AM'),to_timestamp('29-10月-16 11.45.09.000000000 上午','DD-MON-RR HH.MI.SSXFF AM'),0,0,2);
Insert into ADMINSYSTEM.SYS_ROLE_PERMISSION (ID,SYS_PERMISSION_ID,SYS_ROLE_ID,RANK,CREATE_TIME,UPDATE_TIME,CREATE_BY,UPDATE_BY,STATUS) values (14,11,1,0,to_timestamp('29-10月-16 11.45.09.000000000 上午','DD-MON-RR HH.MI.SSXFF AM'),to_timestamp('29-10月-16 11.45.09.000000000 上午','DD-MON-RR HH.MI.SSXFF AM'),0,0,2);
Insert into ADMINSYSTEM.SYS_ROLE_PERMISSION (ID,SYS_PERMISSION_ID,SYS_ROLE_ID,RANK,CREATE_TIME,UPDATE_TIME,CREATE_BY,UPDATE_BY,STATUS) values (15,12,1,0,to_timestamp('29-10月-16 11.45.09.000000000 上午','DD-MON-RR HH.MI.SSXFF AM'),to_timestamp('29-10月-16 11.45.09.000000000 上午','DD-MON-RR HH.MI.SSXFF AM'),0,0,2);
Insert into ADMINSYSTEM.SYS_ROLE_PERMISSION (ID,SYS_PERMISSION_ID,SYS_ROLE_ID,RANK,CREATE_TIME,UPDATE_TIME,CREATE_BY,UPDATE_BY,STATUS) values (16,13,1,0,to_timestamp('29-10月-16 11.45.09.000000000 上午','DD-MON-RR HH.MI.SSXFF AM'),to_timestamp('29-10月-16 11.45.09.000000000 上午','DD-MON-RR HH.MI.SSXFF AM'),0,0,2);
Insert into ADMINSYSTEM.SYS_ROLE_PERMISSION (ID,SYS_PERMISSION_ID,SYS_ROLE_ID,RANK,CREATE_TIME,UPDATE_TIME,CREATE_BY,UPDATE_BY,STATUS) values (17,14,1,0,to_timestamp('29-10月-16 11.45.09.000000000 上午','DD-MON-RR HH.MI.SSXFF AM'),to_timestamp('29-10月-16 11.45.09.000000000 上午','DD-MON-RR HH.MI.SSXFF AM'),0,0,2);
Insert into ADMINSYSTEM.SYS_ROLE_PERMISSION (ID,SYS_PERMISSION_ID,SYS_ROLE_ID,RANK,CREATE_TIME,UPDATE_TIME,CREATE_BY,UPDATE_BY,STATUS) values (18,15,1,0,to_timestamp('29-10月-16 11.45.09.000000000 上午','DD-MON-RR HH.MI.SSXFF AM'),to_timestamp('29-10月-16 11.45.09.000000000 上午','DD-MON-RR HH.MI.SSXFF AM'),0,0,2);
Insert into ADMINSYSTEM.SYS_ROLE_PERMISSION (ID,SYS_PERMISSION_ID,SYS_ROLE_ID,RANK,CREATE_TIME,UPDATE_TIME,CREATE_BY,UPDATE_BY,STATUS) values (19,16,1,0,to_timestamp('29-10月-16 11.45.09.000000000 上午','DD-MON-RR HH.MI.SSXFF AM'),to_timestamp('29-10月-16 11.45.09.000000000 上午','DD-MON-RR HH.MI.SSXFF AM'),0,0,2);
Insert into ADMINSYSTEM.SYS_ROLE_PERMISSION (ID,SYS_PERMISSION_ID,SYS_ROLE_ID,RANK,CREATE_TIME,UPDATE_TIME,CREATE_BY,UPDATE_BY,STATUS) values (20,17,1,0,to_timestamp('29-10月-16 11.45.09.000000000 上午','DD-MON-RR HH.MI.SSXFF AM'),to_timestamp('29-10月-16 11.45.09.000000000 上午','DD-MON-RR HH.MI.SSXFF AM'),0,0,2);
Insert into ADMINSYSTEM.SYS_ROLE_PERMISSION (ID,SYS_PERMISSION_ID,SYS_ROLE_ID,RANK,CREATE_TIME,UPDATE_TIME,CREATE_BY,UPDATE_BY,STATUS) values (21,18,1,0,to_timestamp('29-10月-16 11.45.09.000000000 上午','DD-MON-RR HH.MI.SSXFF AM'),to_timestamp('29-10月-16 11.45.09.000000000 上午','DD-MON-RR HH.MI.SSXFF AM'),0,0,2);
Insert into ADMINSYSTEM.SYS_ROLE_PERMISSION (ID,SYS_PERMISSION_ID,SYS_ROLE_ID,RANK,CREATE_TIME,UPDATE_TIME,CREATE_BY,UPDATE_BY,STATUS) values (22,19,1,0,to_timestamp('29-10月-16 11.45.09.000000000 上午','DD-MON-RR HH.MI.SSXFF AM'),to_timestamp('29-10月-16 11.45.09.000000000 上午','DD-MON-RR HH.MI.SSXFF AM'),0,0,2);
Insert into ADMINSYSTEM.SYS_ROLE_PERMISSION (ID,SYS_PERMISSION_ID,SYS_ROLE_ID,RANK,CREATE_TIME,UPDATE_TIME,CREATE_BY,UPDATE_BY,STATUS) values (23,20,1,0,to_timestamp('29-10月-16 11.45.09.000000000 上午','DD-MON-RR HH.MI.SSXFF AM'),to_timestamp('29-10月-16 11.45.09.000000000 上午','DD-MON-RR HH.MI.SSXFF AM'),0,0,2);
Insert into ADMINSYSTEM.SYS_ROLE_PERMISSION (ID,SYS_PERMISSION_ID,SYS_ROLE_ID,RANK,CREATE_TIME,UPDATE_TIME,CREATE_BY,UPDATE_BY,STATUS) values (24,21,1,0,to_timestamp('29-10月-16 11.45.09.000000000 上午','DD-MON-RR HH.MI.SSXFF AM'),to_timestamp('29-10月-16 11.45.09.000000000 上午','DD-MON-RR HH.MI.SSXFF AM'),0,0,2);
Insert into ADMINSYSTEM.SYS_ROLE_PERMISSION (ID,SYS_PERMISSION_ID,SYS_ROLE_ID,RANK,CREATE_TIME,UPDATE_TIME,CREATE_BY,UPDATE_BY,STATUS) values (25,22,1,0,to_timestamp('29-10月-16 11.45.09.000000000 上午','DD-MON-RR HH.MI.SSXFF AM'),to_timestamp('29-10月-16 11.45.09.000000000 上午','DD-MON-RR HH.MI.SSXFF AM'),0,0,2);
Insert into ADMINSYSTEM.SYS_ROLE_PERMISSION (ID,SYS_PERMISSION_ID,SYS_ROLE_ID,RANK,CREATE_TIME,UPDATE_TIME,CREATE_BY,UPDATE_BY,STATUS) values (26,23,1,0,to_timestamp('29-10月-16 11.45.09.000000000 上午','DD-MON-RR HH.MI.SSXFF AM'),to_timestamp('29-10月-16 11.45.09.000000000 上午','DD-MON-RR HH.MI.SSXFF AM'),0,0,2);
Insert into ADMINSYSTEM.SYS_ROLE_PERMISSION (ID,SYS_PERMISSION_ID,SYS_ROLE_ID,RANK,CREATE_TIME,UPDATE_TIME,CREATE_BY,UPDATE_BY,STATUS) values (27,24,1,0,to_timestamp('29-10月-16 11.45.09.000000000 上午','DD-MON-RR HH.MI.SSXFF AM'),to_timestamp('29-10月-16 11.45.09.000000000 上午','DD-MON-RR HH.MI.SSXFF AM'),0,0,2);
Insert into ADMINSYSTEM.SYS_ROLE_PERMISSION (ID,SYS_PERMISSION_ID,SYS_ROLE_ID,RANK,CREATE_TIME,UPDATE_TIME,CREATE_BY,UPDATE_BY,STATUS) values (28,25,1,0,to_timestamp('29-10月-16 11.45.09.000000000 上午','DD-MON-RR HH.MI.SSXFF AM'),to_timestamp('29-10月-16 11.45.09.000000000 上午','DD-MON-RR HH.MI.SSXFF AM'),0,0,2);
Insert into ADMINSYSTEM.SYS_ROLE_PERMISSION (ID,SYS_PERMISSION_ID,SYS_ROLE_ID,RANK,CREATE_TIME,UPDATE_TIME,CREATE_BY,UPDATE_BY,STATUS) values (29,26,1,0,to_timestamp('29-10月-16 11.45.09.000000000 上午','DD-MON-RR HH.MI.SSXFF AM'),to_timestamp('29-10月-16 11.45.09.000000000 上午','DD-MON-RR HH.MI.SSXFF AM'),0,0,2);
Insert into ADMINSYSTEM.SYS_ROLE_PERMISSION (ID,SYS_PERMISSION_ID,SYS_ROLE_ID,RANK,CREATE_TIME,UPDATE_TIME,CREATE_BY,UPDATE_BY,STATUS) values (30,27,1,0,to_timestamp('29-10月-16 11.45.09.000000000 上午','DD-MON-RR HH.MI.SSXFF AM'),to_timestamp('29-10月-16 11.45.09.000000000 上午','DD-MON-RR HH.MI.SSXFF AM'),0,0,2);
Insert into ADMINSYSTEM.SYS_ROLE_PERMISSION (ID,SYS_PERMISSION_ID,SYS_ROLE_ID,RANK,CREATE_TIME,UPDATE_TIME,CREATE_BY,UPDATE_BY,STATUS) values (31,28,1,0,to_timestamp('29-10月-16 11.45.09.000000000 上午','DD-MON-RR HH.MI.SSXFF AM'),to_timestamp('29-10月-16 11.45.09.000000000 上午','DD-MON-RR HH.MI.SSXFF AM'),0,0,2);
Insert into ADMINSYSTEM.SYS_ROLE_PERMISSION (ID,SYS_PERMISSION_ID,SYS_ROLE_ID,RANK,CREATE_TIME,UPDATE_TIME,CREATE_BY,UPDATE_BY,STATUS) values (32,29,1,0,to_timestamp('29-10月-16 11.45.09.000000000 上午','DD-MON-RR HH.MI.SSXFF AM'),to_timestamp('29-10月-16 11.45.09.000000000 上午','DD-MON-RR HH.MI.SSXFF AM'),0,0,2);
Insert into ADMINSYSTEM.SYS_ROLE_PERMISSION (ID,SYS_PERMISSION_ID,SYS_ROLE_ID,RANK,CREATE_TIME,UPDATE_TIME,CREATE_BY,UPDATE_BY,STATUS) values (33,30,1,0,to_timestamp('29-10月-16 11.45.09.000000000 上午','DD-MON-RR HH.MI.SSXFF AM'),to_timestamp('29-10月-16 11.45.09.000000000 上午','DD-MON-RR HH.MI.SSXFF AM'),0,0,2);
Insert into ADMINSYSTEM.SYS_ROLE_PERMISSION (ID,SYS_PERMISSION_ID,SYS_ROLE_ID,RANK,CREATE_TIME,UPDATE_TIME,CREATE_BY,UPDATE_BY,STATUS) values (34,1,2,0,to_timestamp('29-10月-16 11.45.09.000000000 上午','DD-MON-RR HH.MI.SSXFF AM'),to_timestamp('29-10月-16 11.45.09.000000000 上午','DD-MON-RR HH.MI.SSXFF AM'),0,0,2);
Insert into ADMINSYSTEM.SYS_ROLE_PERMISSION (ID,SYS_PERMISSION_ID,SYS_ROLE_ID,RANK,CREATE_TIME,UPDATE_TIME,CREATE_BY,UPDATE_BY,STATUS) values (35,3,2,0,to_timestamp('29-10月-16 11.45.09.000000000 上午','DD-MON-RR HH.MI.SSXFF AM'),to_timestamp('29-10月-16 11.45.09.000000000 上午','DD-MON-RR HH.MI.SSXFF AM'),0,0,2);
Insert into ADMINSYSTEM.SYS_ROLE_PERMISSION (ID,SYS_PERMISSION_ID,SYS_ROLE_ID,RANK,CREATE_TIME,UPDATE_TIME,CREATE_BY,UPDATE_BY,STATUS) values (36,4,2,0,to_timestamp('29-10月-16 11.45.09.000000000 上午','DD-MON-RR HH.MI.SSXFF AM'),to_timestamp('29-10月-16 11.45.09.000000000 上午','DD-MON-RR HH.MI.SSXFF AM'),0,0,2);
Insert into ADMINSYSTEM.SYS_ROLE_PERMISSION (ID,SYS_PERMISSION_ID,SYS_ROLE_ID,RANK,CREATE_TIME,UPDATE_TIME,CREATE_BY,UPDATE_BY,STATUS) values (37,5,2,0,to_timestamp('29-10月-16 11.45.09.000000000 上午','DD-MON-RR HH.MI.SSXFF AM'),to_timestamp('29-10月-16 11.45.09.000000000 上午','DD-MON-RR HH.MI.SSXFF AM'),0,0,2);
Insert into ADMINSYSTEM.SYS_ROLE_PERMISSION (ID,SYS_PERMISSION_ID,SYS_ROLE_ID,RANK,CREATE_TIME,UPDATE_TIME,CREATE_BY,UPDATE_BY,STATUS) values (38,31,2,0,to_timestamp('29-10月-16 11.45.09.000000000 上午','DD-MON-RR HH.MI.SSXFF AM'),to_timestamp('29-10月-16 11.45.09.000000000 上午','DD-MON-RR HH.MI.SSXFF AM'),0,0,2);
Insert into ADMINSYSTEM.SYS_ROLE_PERMISSION (ID,SYS_PERMISSION_ID,SYS_ROLE_ID,RANK,CREATE_TIME,UPDATE_TIME,CREATE_BY,UPDATE_BY,STATUS) values (39,32,2,0,to_timestamp('29-10月-16 11.45.09.000000000 上午','DD-MON-RR HH.MI.SSXFF AM'),to_timestamp('29-10月-16 11.45.09.000000000 上午','DD-MON-RR HH.MI.SSXFF AM'),0,0,2);
Insert into ADMINSYSTEM.SYS_ROLE_PERMISSION (ID,SYS_PERMISSION_ID,SYS_ROLE_ID,RANK,CREATE_TIME,UPDATE_TIME,CREATE_BY,UPDATE_BY,STATUS) values (40,33,2,0,to_timestamp('29-10月-16 11.45.09.000000000 上午','DD-MON-RR HH.MI.SSXFF AM'),to_timestamp('29-10月-16 11.45.09.000000000 上午','DD-MON-RR HH.MI.SSXFF AM'),0,0,2);
Insert into ADMINSYSTEM.SYS_ROLE_PERMISSION (ID,SYS_PERMISSION_ID,SYS_ROLE_ID,RANK,CREATE_TIME,UPDATE_TIME,CREATE_BY,UPDATE_BY,STATUS) values (41,6,2,0,to_timestamp('29-10月-16 11.45.09.000000000 上午','DD-MON-RR HH.MI.SSXFF AM'),to_timestamp('29-10月-16 11.45.09.000000000 上午','DD-MON-RR HH.MI.SSXFF AM'),0,0,2);
Insert into ADMINSYSTEM.SYS_ROLE_PERMISSION (ID,SYS_PERMISSION_ID,SYS_ROLE_ID,RANK,CREATE_TIME,UPDATE_TIME,CREATE_BY,UPDATE_BY,STATUS) values (42,8,2,0,to_timestamp('29-10月-16 11.45.09.000000000 上午','DD-MON-RR HH.MI.SSXFF AM'),to_timestamp('29-10月-16 11.45.09.000000000 上午','DD-MON-RR HH.MI.SSXFF AM'),0,0,2);
Insert into ADMINSYSTEM.SYS_ROLE_PERMISSION (ID,SYS_PERMISSION_ID,SYS_ROLE_ID,RANK,CREATE_TIME,UPDATE_TIME,CREATE_BY,UPDATE_BY,STATUS) values (43,9,2,0,to_timestamp('29-10月-16 11.45.09.000000000 上午','DD-MON-RR HH.MI.SSXFF AM'),to_timestamp('29-10月-16 11.45.09.000000000 上午','DD-MON-RR HH.MI.SSXFF AM'),0,0,2);
Insert into ADMINSYSTEM.SYS_ROLE_PERMISSION (ID,SYS_PERMISSION_ID,SYS_ROLE_ID,RANK,CREATE_TIME,UPDATE_TIME,CREATE_BY,UPDATE_BY,STATUS) values (44,10,2,0,to_timestamp('29-10月-16 11.45.09.000000000 上午','DD-MON-RR HH.MI.SSXFF AM'),to_timestamp('29-10月-16 11.45.09.000000000 上午','DD-MON-RR HH.MI.SSXFF AM'),0,0,2);
Insert into ADMINSYSTEM.SYS_ROLE_PERMISSION (ID,SYS_PERMISSION_ID,SYS_ROLE_ID,RANK,CREATE_TIME,UPDATE_TIME,CREATE_BY,UPDATE_BY,STATUS) values (45,11,2,0,to_timestamp('29-10月-16 11.45.09.000000000 上午','DD-MON-RR HH.MI.SSXFF AM'),to_timestamp('29-10月-16 11.45.09.000000000 上午','DD-MON-RR HH.MI.SSXFF AM'),0,0,2);
Insert into ADMINSYSTEM.SYS_ROLE_PERMISSION (ID,SYS_PERMISSION_ID,SYS_ROLE_ID,RANK,CREATE_TIME,UPDATE_TIME,CREATE_BY,UPDATE_BY,STATUS) values (46,13,2,0,to_timestamp('29-10月-16 11.45.09.000000000 上午','DD-MON-RR HH.MI.SSXFF AM'),to_timestamp('29-10月-16 11.45.09.000000000 上午','DD-MON-RR HH.MI.SSXFF AM'),0,0,2);
Insert into ADMINSYSTEM.SYS_ROLE_PERMISSION (ID,SYS_PERMISSION_ID,SYS_ROLE_ID,RANK,CREATE_TIME,UPDATE_TIME,CREATE_BY,UPDATE_BY,STATUS) values (47,14,2,0,to_timestamp('29-10月-16 11.45.09.000000000 上午','DD-MON-RR HH.MI.SSXFF AM'),to_timestamp('29-10月-16 11.45.09.000000000 上午','DD-MON-RR HH.MI.SSXFF AM'),0,0,2);
Insert into ADMINSYSTEM.SYS_ROLE_PERMISSION (ID,SYS_PERMISSION_ID,SYS_ROLE_ID,RANK,CREATE_TIME,UPDATE_TIME,CREATE_BY,UPDATE_BY,STATUS) values (48,15,2,0,to_timestamp('29-10月-16 11.45.09.000000000 上午','DD-MON-RR HH.MI.SSXFF AM'),to_timestamp('29-10月-16 11.45.09.000000000 上午','DD-MON-RR HH.MI.SSXFF AM'),0,0,2);
Insert into ADMINSYSTEM.SYS_ROLE_PERMISSION (ID,SYS_PERMISSION_ID,SYS_ROLE_ID,RANK,CREATE_TIME,UPDATE_TIME,CREATE_BY,UPDATE_BY,STATUS) values (49,16,2,0,to_timestamp('29-10月-16 11.45.09.000000000 上午','DD-MON-RR HH.MI.SSXFF AM'),to_timestamp('29-10月-16 11.45.09.000000000 上午','DD-MON-RR HH.MI.SSXFF AM'),0,0,2);
Insert into ADMINSYSTEM.SYS_ROLE_PERMISSION (ID,SYS_PERMISSION_ID,SYS_ROLE_ID,RANK,CREATE_TIME,UPDATE_TIME,CREATE_BY,UPDATE_BY,STATUS) values (50,18,2,0,to_timestamp('29-10月-16 11.45.09.000000000 上午','DD-MON-RR HH.MI.SSXFF AM'),to_timestamp('29-10月-16 11.45.09.000000000 上午','DD-MON-RR HH.MI.SSXFF AM'),0,0,2);
Insert into ADMINSYSTEM.SYS_ROLE_PERMISSION (ID,SYS_PERMISSION_ID,SYS_ROLE_ID,RANK,CREATE_TIME,UPDATE_TIME,CREATE_BY,UPDATE_BY,STATUS) values (51,19,2,0,to_timestamp('29-10月-16 11.45.09.000000000 上午','DD-MON-RR HH.MI.SSXFF AM'),to_timestamp('29-10月-16 11.45.09.000000000 上午','DD-MON-RR HH.MI.SSXFF AM'),0,0,2);
Insert into ADMINSYSTEM.SYS_ROLE_PERMISSION (ID,SYS_PERMISSION_ID,SYS_ROLE_ID,RANK,CREATE_TIME,UPDATE_TIME,CREATE_BY,UPDATE_BY,STATUS) values (52,20,2,0,to_timestamp('29-10月-16 11.45.09.000000000 上午','DD-MON-RR HH.MI.SSXFF AM'),to_timestamp('29-10月-16 11.45.09.000000000 上午','DD-MON-RR HH.MI.SSXFF AM'),0,0,2);
Insert into ADMINSYSTEM.SYS_ROLE_PERMISSION (ID,SYS_PERMISSION_ID,SYS_ROLE_ID,RANK,CREATE_TIME,UPDATE_TIME,CREATE_BY,UPDATE_BY,STATUS) values (53,21,2,0,to_timestamp('29-10月-16 11.45.09.000000000 上午','DD-MON-RR HH.MI.SSXFF AM'),to_timestamp('29-10月-16 11.45.09.000000000 上午','DD-MON-RR HH.MI.SSXFF AM'),0,0,2);
Insert into ADMINSYSTEM.SYS_ROLE_PERMISSION (ID,SYS_PERMISSION_ID,SYS_ROLE_ID,RANK,CREATE_TIME,UPDATE_TIME,CREATE_BY,UPDATE_BY,STATUS) values (54,23,2,0,to_timestamp('29-10月-16 11.45.09.000000000 上午','DD-MON-RR HH.MI.SSXFF AM'),to_timestamp('29-10月-16 11.45.09.000000000 上午','DD-MON-RR HH.MI.SSXFF AM'),0,0,2);
Insert into ADMINSYSTEM.SYS_ROLE_PERMISSION (ID,SYS_PERMISSION_ID,SYS_ROLE_ID,RANK,CREATE_TIME,UPDATE_TIME,CREATE_BY,UPDATE_BY,STATUS) values (55,24,2,0,to_timestamp('29-10月-16 11.45.09.000000000 上午','DD-MON-RR HH.MI.SSXFF AM'),to_timestamp('29-10月-16 11.45.09.000000000 上午','DD-MON-RR HH.MI.SSXFF AM'),0,0,2);
Insert into ADMINSYSTEM.SYS_ROLE_PERMISSION (ID,SYS_PERMISSION_ID,SYS_ROLE_ID,RANK,CREATE_TIME,UPDATE_TIME,CREATE_BY,UPDATE_BY,STATUS) values (56,25,2,0,to_timestamp('29-10月-16 11.45.09.000000000 上午','DD-MON-RR HH.MI.SSXFF AM'),to_timestamp('29-10月-16 11.45.09.000000000 上午','DD-MON-RR HH.MI.SSXFF AM'),0,0,2);
Insert into ADMINSYSTEM.SYS_ROLE_PERMISSION (ID,SYS_PERMISSION_ID,SYS_ROLE_ID,RANK,CREATE_TIME,UPDATE_TIME,CREATE_BY,UPDATE_BY,STATUS) values (57,26,2,0,to_timestamp('29-10月-16 11.45.09.000000000 上午','DD-MON-RR HH.MI.SSXFF AM'),to_timestamp('29-10月-16 11.45.09.000000000 上午','DD-MON-RR HH.MI.SSXFF AM'),0,0,2);
Insert into ADMINSYSTEM.SYS_ROLE_PERMISSION (ID,SYS_PERMISSION_ID,SYS_ROLE_ID,RANK,CREATE_TIME,UPDATE_TIME,CREATE_BY,UPDATE_BY,STATUS) values (58,28,2,0,to_timestamp('29-10月-16 11.45.09.000000000 上午','DD-MON-RR HH.MI.SSXFF AM'),to_timestamp('29-10月-16 11.45.09.000000000 上午','DD-MON-RR HH.MI.SSXFF AM'),0,0,2);
Insert into ADMINSYSTEM.SYS_ROLE_PERMISSION (ID,SYS_PERMISSION_ID,SYS_ROLE_ID,RANK,CREATE_TIME,UPDATE_TIME,CREATE_BY,UPDATE_BY,STATUS) values (59,29,2,0,to_timestamp('29-10月-16 11.45.09.000000000 上午','DD-MON-RR HH.MI.SSXFF AM'),to_timestamp('29-10月-16 11.45.09.000000000 上午','DD-MON-RR HH.MI.SSXFF AM'),0,0,2);
Insert into ADMINSYSTEM.SYS_ROLE_PERMISSION (ID,SYS_PERMISSION_ID,SYS_ROLE_ID,RANK,CREATE_TIME,UPDATE_TIME,CREATE_BY,UPDATE_BY,STATUS) values (60,30,2,0,to_timestamp('29-10月-16 11.45.09.000000000 上午','DD-MON-RR HH.MI.SSXFF AM'),to_timestamp('29-10月-16 11.45.09.000000000 上午','DD-MON-RR HH.MI.SSXFF AM'),0,0,2);
Insert into ADMINSYSTEM.SYS_ROLE_PERMISSION (ID,SYS_PERMISSION_ID,SYS_ROLE_ID,RANK,CREATE_TIME,UPDATE_TIME,CREATE_BY,UPDATE_BY,STATUS) values (61,5,3,0,to_timestamp('29-10月-16 11.45.09.000000000 上午','DD-MON-RR HH.MI.SSXFF AM'),to_timestamp('29-10月-16 11.45.09.000000000 上午','DD-MON-RR HH.MI.SSXFF AM'),0,0,2);
Insert into ADMINSYSTEM.SYS_ROLE_PERMISSION (ID,SYS_PERMISSION_ID,SYS_ROLE_ID,RANK,CREATE_TIME,UPDATE_TIME,CREATE_BY,UPDATE_BY,STATUS) values (62,9,3,0,to_timestamp('29-10月-16 11.45.09.000000000 上午','DD-MON-RR HH.MI.SSXFF AM'),to_timestamp('29-10月-16 11.45.09.000000000 上午','DD-MON-RR HH.MI.SSXFF AM'),0,0,2);
Insert into ADMINSYSTEM.SYS_ROLE_PERMISSION (ID,SYS_PERMISSION_ID,SYS_ROLE_ID,RANK,CREATE_TIME,UPDATE_TIME,CREATE_BY,UPDATE_BY,STATUS) values (63,10,3,0,to_timestamp('29-10月-16 11.45.09.000000000 上午','DD-MON-RR HH.MI.SSXFF AM'),to_timestamp('29-10月-16 11.45.09.000000000 上午','DD-MON-RR HH.MI.SSXFF AM'),0,0,2);
Insert into ADMINSYSTEM.SYS_ROLE_PERMISSION (ID,SYS_PERMISSION_ID,SYS_ROLE_ID,RANK,CREATE_TIME,UPDATE_TIME,CREATE_BY,UPDATE_BY,STATUS) values (64,14,3,0,to_timestamp('29-10月-16 11.45.09.000000000 上午','DD-MON-RR HH.MI.SSXFF AM'),to_timestamp('29-10月-16 11.45.09.000000000 上午','DD-MON-RR HH.MI.SSXFF AM'),0,0,2);
Insert into ADMINSYSTEM.SYS_ROLE_PERMISSION (ID,SYS_PERMISSION_ID,SYS_ROLE_ID,RANK,CREATE_TIME,UPDATE_TIME,CREATE_BY,UPDATE_BY,STATUS) values (65,15,3,0,to_timestamp('29-10月-16 11.45.09.000000000 上午','DD-MON-RR HH.MI.SSXFF AM'),to_timestamp('29-10月-16 11.45.09.000000000 上午','DD-MON-RR HH.MI.SSXFF AM'),0,0,2);
Insert into ADMINSYSTEM.SYS_ROLE_PERMISSION (ID,SYS_PERMISSION_ID,SYS_ROLE_ID,RANK,CREATE_TIME,UPDATE_TIME,CREATE_BY,UPDATE_BY,STATUS) values (66,19,3,0,to_timestamp('29-10月-16 11.45.09.000000000 上午','DD-MON-RR HH.MI.SSXFF AM'),to_timestamp('29-10月-16 11.45.09.000000000 上午','DD-MON-RR HH.MI.SSXFF AM'),0,0,2);
Insert into ADMINSYSTEM.SYS_ROLE_PERMISSION (ID,SYS_PERMISSION_ID,SYS_ROLE_ID,RANK,CREATE_TIME,UPDATE_TIME,CREATE_BY,UPDATE_BY,STATUS) values (67,20,3,0,to_timestamp('29-10月-16 11.45.09.000000000 上午','DD-MON-RR HH.MI.SSXFF AM'),to_timestamp('29-10月-16 11.45.09.000000000 上午','DD-MON-RR HH.MI.SSXFF AM'),0,0,2);
Insert into ADMINSYSTEM.SYS_ROLE_PERMISSION (ID,SYS_PERMISSION_ID,SYS_ROLE_ID,RANK,CREATE_TIME,UPDATE_TIME,CREATE_BY,UPDATE_BY,STATUS) values (68,24,3,0,to_timestamp('29-10月-16 11.45.09.000000000 上午','DD-MON-RR HH.MI.SSXFF AM'),to_timestamp('29-10月-16 11.45.09.000000000 上午','DD-MON-RR HH.MI.SSXFF AM'),0,0,2);
Insert into ADMINSYSTEM.SYS_ROLE_PERMISSION (ID,SYS_PERMISSION_ID,SYS_ROLE_ID,RANK,CREATE_TIME,UPDATE_TIME,CREATE_BY,UPDATE_BY,STATUS) values (69,25,3,0,to_timestamp('29-10月-16 11.45.09.000000000 上午','DD-MON-RR HH.MI.SSXFF AM'),to_timestamp('29-10月-16 11.45.09.000000000 上午','DD-MON-RR HH.MI.SSXFF AM'),0,0,2);
Insert into ADMINSYSTEM.SYS_ROLE_PERMISSION (ID,SYS_PERMISSION_ID,SYS_ROLE_ID,RANK,CREATE_TIME,UPDATE_TIME,CREATE_BY,UPDATE_BY,STATUS) values (70,29,3,0,to_timestamp('29-10月-16 11.45.09.000000000 上午','DD-MON-RR HH.MI.SSXFF AM'),to_timestamp('29-10月-16 11.45.09.000000000 上午','DD-MON-RR HH.MI.SSXFF AM'),0,0,2);
Insert into ADMINSYSTEM.SYS_ROLE_PERMISSION (ID,SYS_PERMISSION_ID,SYS_ROLE_ID,RANK,CREATE_TIME,UPDATE_TIME,CREATE_BY,UPDATE_BY,STATUS) values (71,30,3,0,to_timestamp('29-10月-16 11.45.09.000000000 上午','DD-MON-RR HH.MI.SSXFF AM'),to_timestamp('29-10月-16 11.45.09.000000000 上午','DD-MON-RR HH.MI.SSXFF AM'),0,0,2);
Insert into ADMINSYSTEM.SYS_ROLE_PERMISSION (ID,SYS_PERMISSION_ID,SYS_ROLE_ID,RANK,CREATE_TIME,UPDATE_TIME,CREATE_BY,UPDATE_BY,STATUS) values (72,4,3,0,to_timestamp('29-10月-16 11.45.09.000000000 上午','DD-MON-RR HH.MI.SSXFF AM'),to_timestamp('29-10月-16 11.45.09.000000000 上午','DD-MON-RR HH.MI.SSXFF AM'),0,0,2);
Insert into ADMINSYSTEM.SYS_ROLE_PERMISSION (ID,SYS_PERMISSION_ID,SYS_ROLE_ID,RANK,CREATE_TIME,UPDATE_TIME,CREATE_BY,UPDATE_BY,STATUS) values (73,5,3,0,to_timestamp('29-10月-16 11.45.09.000000000 上午','DD-MON-RR HH.MI.SSXFF AM'),to_timestamp('29-10月-16 11.45.09.000000000 上午','DD-MON-RR HH.MI.SSXFF AM'),0,0,1);
Insert into ADMINSYSTEM.SYS_ROLE_PERMISSION (ID,SYS_PERMISSION_ID,SYS_ROLE_ID,RANK,CREATE_TIME,UPDATE_TIME,CREATE_BY,UPDATE_BY,STATUS) values (74,9,3,0,to_timestamp('29-10月-16 11.45.09.000000000 上午','DD-MON-RR HH.MI.SSXFF AM'),to_timestamp('29-10月-16 11.45.09.000000000 上午','DD-MON-RR HH.MI.SSXFF AM'),0,0,1);
Insert into ADMINSYSTEM.SYS_ROLE_PERMISSION (ID,SYS_PERMISSION_ID,SYS_ROLE_ID,RANK,CREATE_TIME,UPDATE_TIME,CREATE_BY,UPDATE_BY,STATUS) values (75,10,3,0,to_timestamp('29-10月-16 11.45.09.000000000 上午','DD-MON-RR HH.MI.SSXFF AM'),to_timestamp('29-10月-16 11.45.09.000000000 上午','DD-MON-RR HH.MI.SSXFF AM'),0,0,1);
Insert into ADMINSYSTEM.SYS_ROLE_PERMISSION (ID,SYS_PERMISSION_ID,SYS_ROLE_ID,RANK,CREATE_TIME,UPDATE_TIME,CREATE_BY,UPDATE_BY,STATUS) values (76,14,3,0,to_timestamp('29-10月-16 11.45.09.000000000 上午','DD-MON-RR HH.MI.SSXFF AM'),to_timestamp('29-10月-16 11.45.09.000000000 上午','DD-MON-RR HH.MI.SSXFF AM'),0,0,1);
Insert into ADMINSYSTEM.SYS_ROLE_PERMISSION (ID,SYS_PERMISSION_ID,SYS_ROLE_ID,RANK,CREATE_TIME,UPDATE_TIME,CREATE_BY,UPDATE_BY,STATUS) values (77,15,3,0,to_timestamp('29-10月-16 11.45.09.000000000 上午','DD-MON-RR HH.MI.SSXFF AM'),to_timestamp('29-10月-16 11.45.09.000000000 上午','DD-MON-RR HH.MI.SSXFF AM'),0,0,1);
Insert into ADMINSYSTEM.SYS_ROLE_PERMISSION (ID,SYS_PERMISSION_ID,SYS_ROLE_ID,RANK,CREATE_TIME,UPDATE_TIME,CREATE_BY,UPDATE_BY,STATUS) values (78,19,3,0,to_timestamp('29-10月-16 11.45.09.000000000 上午','DD-MON-RR HH.MI.SSXFF AM'),to_timestamp('29-10月-16 11.45.09.000000000 上午','DD-MON-RR HH.MI.SSXFF AM'),0,0,1);
Insert into ADMINSYSTEM.SYS_ROLE_PERMISSION (ID,SYS_PERMISSION_ID,SYS_ROLE_ID,RANK,CREATE_TIME,UPDATE_TIME,CREATE_BY,UPDATE_BY,STATUS) values (79,20,3,0,to_timestamp('29-10月-16 11.45.09.000000000 上午','DD-MON-RR HH.MI.SSXFF AM'),to_timestamp('29-10月-16 11.45.09.000000000 上午','DD-MON-RR HH.MI.SSXFF AM'),0,0,1);
Insert into ADMINSYSTEM.SYS_ROLE_PERMISSION (ID,SYS_PERMISSION_ID,SYS_ROLE_ID,RANK,CREATE_TIME,UPDATE_TIME,CREATE_BY,UPDATE_BY,STATUS) values (80,24,3,0,to_timestamp('29-10月-16 11.45.09.000000000 上午','DD-MON-RR HH.MI.SSXFF AM'),to_timestamp('29-10月-16 11.45.09.000000000 上午','DD-MON-RR HH.MI.SSXFF AM'),0,0,1);
Insert into ADMINSYSTEM.SYS_ROLE_PERMISSION (ID,SYS_PERMISSION_ID,SYS_ROLE_ID,RANK,CREATE_TIME,UPDATE_TIME,CREATE_BY,UPDATE_BY,STATUS) values (81,25,3,0,to_timestamp('29-10月-16 11.45.09.000000000 上午','DD-MON-RR HH.MI.SSXFF AM'),to_timestamp('29-10月-16 11.45.09.000000000 上午','DD-MON-RR HH.MI.SSXFF AM'),0,0,1);
Insert into ADMINSYSTEM.SYS_ROLE_PERMISSION (ID,SYS_PERMISSION_ID,SYS_ROLE_ID,RANK,CREATE_TIME,UPDATE_TIME,CREATE_BY,UPDATE_BY,STATUS) values (82,29,3,0,to_timestamp('29-10月-16 11.45.09.000000000 上午','DD-MON-RR HH.MI.SSXFF AM'),to_timestamp('29-10月-16 11.45.09.000000000 上午','DD-MON-RR HH.MI.SSXFF AM'),0,0,1);
Insert into ADMINSYSTEM.SYS_ROLE_PERMISSION (ID,SYS_PERMISSION_ID,SYS_ROLE_ID,RANK,CREATE_TIME,UPDATE_TIME,CREATE_BY,UPDATE_BY,STATUS) values (83,30,3,0,to_timestamp('29-10月-16 11.45.09.000000000 上午','DD-MON-RR HH.MI.SSXFF AM'),to_timestamp('29-10月-16 11.45.09.000000000 上午','DD-MON-RR HH.MI.SSXFF AM'),0,0,1);
Insert into ADMINSYSTEM.SYS_ROLE_PERMISSION (ID,SYS_PERMISSION_ID,SYS_ROLE_ID,RANK,CREATE_TIME,UPDATE_TIME,CREATE_BY,UPDATE_BY,STATUS) values (84,4,3,0,to_timestamp('29-10月-16 11.45.09.000000000 上午','DD-MON-RR HH.MI.SSXFF AM'),to_timestamp('29-10月-16 11.45.09.000000000 上午','DD-MON-RR HH.MI.SSXFF AM'),0,0,1);
Insert into ADMINSYSTEM.SYS_ROLE_PERMISSION (ID,SYS_PERMISSION_ID,SYS_ROLE_ID,RANK,CREATE_TIME,UPDATE_TIME,CREATE_BY,UPDATE_BY,STATUS) values (85,25,4,0,to_timestamp('29-10月-16 11.45.09.000000000 上午','DD-MON-RR HH.MI.SSXFF AM'),to_timestamp('29-10月-16 11.45.09.000000000 上午','DD-MON-RR HH.MI.SSXFF AM'),0,0,1);
Insert into ADMINSYSTEM.SYS_ROLE_PERMISSION (ID,SYS_PERMISSION_ID,SYS_ROLE_ID,RANK,CREATE_TIME,UPDATE_TIME,CREATE_BY,UPDATE_BY,STATUS) values (86,24,4,0,to_timestamp('29-10月-16 11.45.09.000000000 上午','DD-MON-RR HH.MI.SSXFF AM'),to_timestamp('29-10月-16 11.45.09.000000000 上午','DD-MON-RR HH.MI.SSXFF AM'),0,0,1);
Insert into ADMINSYSTEM.SYS_ROLE_PERMISSION (ID,SYS_PERMISSION_ID,SYS_ROLE_ID,RANK,CREATE_TIME,UPDATE_TIME,CREATE_BY,UPDATE_BY,STATUS) values (87,4,4,0,to_timestamp('29-10月-16 11.45.09.000000000 上午','DD-MON-RR HH.MI.SSXFF AM'),to_timestamp('29-10月-16 11.45.09.000000000 上午','DD-MON-RR HH.MI.SSXFF AM'),0,0,1);
Insert into ADMINSYSTEM.SYS_ROLE_PERMISSION (ID,SYS_PERMISSION_ID,SYS_ROLE_ID,RANK,CREATE_TIME,UPDATE_TIME,CREATE_BY,UPDATE_BY,STATUS) values (88,5,4,0,to_timestamp('29-10月-16 11.45.09.000000000 上午','DD-MON-RR HH.MI.SSXFF AM'),to_timestamp('29-10月-16 11.45.09.000000000 上午','DD-MON-RR HH.MI.SSXFF AM'),0,0,1);
Insert into ADMINSYSTEM.SYS_ROLE_PERMISSION (ID,SYS_PERMISSION_ID,SYS_ROLE_ID,RANK,CREATE_TIME,UPDATE_TIME,CREATE_BY,UPDATE_BY,STATUS) values (89,9,4,0,to_timestamp('29-10月-16 11.45.09.000000000 上午','DD-MON-RR HH.MI.SSXFF AM'),to_timestamp('29-10月-16 11.45.09.000000000 上午','DD-MON-RR HH.MI.SSXFF AM'),0,0,1);
Insert into ADMINSYSTEM.SYS_ROLE_PERMISSION (ID,SYS_PERMISSION_ID,SYS_ROLE_ID,RANK,CREATE_TIME,UPDATE_TIME,CREATE_BY,UPDATE_BY,STATUS) values (90,10,4,0,to_timestamp('29-10月-16 11.45.09.000000000 上午','DD-MON-RR HH.MI.SSXFF AM'),to_timestamp('29-10月-16 11.45.09.000000000 上午','DD-MON-RR HH.MI.SSXFF AM'),0,0,1);
Insert into ADMINSYSTEM.SYS_ROLE_PERMISSION (ID,SYS_PERMISSION_ID,SYS_ROLE_ID,RANK,CREATE_TIME,UPDATE_TIME,CREATE_BY,UPDATE_BY,STATUS) values (91,14,4,0,to_timestamp('29-10月-16 11.45.09.000000000 上午','DD-MON-RR HH.MI.SSXFF AM'),to_timestamp('29-10月-16 11.45.09.000000000 上午','DD-MON-RR HH.MI.SSXFF AM'),0,0,1);
Insert into ADMINSYSTEM.SYS_ROLE_PERMISSION (ID,SYS_PERMISSION_ID,SYS_ROLE_ID,RANK,CREATE_TIME,UPDATE_TIME,CREATE_BY,UPDATE_BY,STATUS) values (92,15,4,0,to_timestamp('29-10月-16 11.45.09.000000000 上午','DD-MON-RR HH.MI.SSXFF AM'),to_timestamp('29-10月-16 11.45.09.000000000 上午','DD-MON-RR HH.MI.SSXFF AM'),0,0,1);
Insert into ADMINSYSTEM.SYS_ROLE_PERMISSION (ID,SYS_PERMISSION_ID,SYS_ROLE_ID,RANK,CREATE_TIME,UPDATE_TIME,CREATE_BY,UPDATE_BY,STATUS) values (93,19,4,0,to_timestamp('29-10月-16 11.45.09.000000000 上午','DD-MON-RR HH.MI.SSXFF AM'),to_timestamp('29-10月-16 11.45.09.000000000 上午','DD-MON-RR HH.MI.SSXFF AM'),0,0,1);
Insert into ADMINSYSTEM.SYS_ROLE_PERMISSION (ID,SYS_PERMISSION_ID,SYS_ROLE_ID,RANK,CREATE_TIME,UPDATE_TIME,CREATE_BY,UPDATE_BY,STATUS) values (94,20,4,0,to_timestamp('29-10月-16 11.45.09.000000000 上午','DD-MON-RR HH.MI.SSXFF AM'),to_timestamp('29-10月-16 11.45.09.000000000 上午','DD-MON-RR HH.MI.SSXFF AM'),0,0,1);
Insert into ADMINSYSTEM.SYS_ROLE_PERMISSION (ID,SYS_PERMISSION_ID,SYS_ROLE_ID,RANK,CREATE_TIME,UPDATE_TIME,CREATE_BY,UPDATE_BY,STATUS) values (95,29,4,0,to_timestamp('29-10月-16 11.45.09.000000000 上午','DD-MON-RR HH.MI.SSXFF AM'),to_timestamp('29-10月-16 11.45.09.000000000 上午','DD-MON-RR HH.MI.SSXFF AM'),0,0,1);
Insert into ADMINSYSTEM.SYS_ROLE_PERMISSION (ID,SYS_PERMISSION_ID,SYS_ROLE_ID,RANK,CREATE_TIME,UPDATE_TIME,CREATE_BY,UPDATE_BY,STATUS) values (96,30,4,0,to_timestamp('29-10月-16 11.45.09.000000000 上午','DD-MON-RR HH.MI.SSXFF AM'),to_timestamp('29-10月-16 11.45.09.000000000 上午','DD-MON-RR HH.MI.SSXFF AM'),0,0,1);
Insert into ADMINSYSTEM.SYS_ROLE_PERMISSION (ID,SYS_PERMISSION_ID,SYS_ROLE_ID,RANK,CREATE_TIME,UPDATE_TIME,CREATE_BY,UPDATE_BY,STATUS) values (97,4,5,0,to_timestamp('29-10月-16 11.45.09.000000000 上午','DD-MON-RR HH.MI.SSXFF AM'),to_timestamp('29-10月-16 11.45.09.000000000 上午','DD-MON-RR HH.MI.SSXFF AM'),0,0,1);
Insert into ADMINSYSTEM.SYS_ROLE_PERMISSION (ID,SYS_PERMISSION_ID,SYS_ROLE_ID,RANK,CREATE_TIME,UPDATE_TIME,CREATE_BY,UPDATE_BY,STATUS) values (98,5,5,0,to_timestamp('29-10月-16 11.45.09.000000000 上午','DD-MON-RR HH.MI.SSXFF AM'),to_timestamp('29-10月-16 11.45.09.000000000 上午','DD-MON-RR HH.MI.SSXFF AM'),0,0,1);
Insert into ADMINSYSTEM.SYS_ROLE_PERMISSION (ID,SYS_PERMISSION_ID,SYS_ROLE_ID,RANK,CREATE_TIME,UPDATE_TIME,CREATE_BY,UPDATE_BY,STATUS) values (99,9,5,0,to_timestamp('29-10月-16 11.45.09.000000000 上午','DD-MON-RR HH.MI.SSXFF AM'),to_timestamp('29-10月-16 11.45.09.000000000 上午','DD-MON-RR HH.MI.SSXFF AM'),0,0,1);
Insert into ADMINSYSTEM.SYS_ROLE_PERMISSION (ID,SYS_PERMISSION_ID,SYS_ROLE_ID,RANK,CREATE_TIME,UPDATE_TIME,CREATE_BY,UPDATE_BY,STATUS) values (100,10,5,0,to_timestamp('29-10月-16 11.45.09.000000000 上午','DD-MON-RR HH.MI.SSXFF AM'),to_timestamp('29-10月-16 11.45.09.000000000 上午','DD-MON-RR HH.MI.SSXFF AM'),0,0,1);
Insert into ADMINSYSTEM.SYS_ROLE_PERMISSION (ID,SYS_PERMISSION_ID,SYS_ROLE_ID,RANK,CREATE_TIME,UPDATE_TIME,CREATE_BY,UPDATE_BY,STATUS) values (101,14,5,0,to_timestamp('29-10月-16 11.45.09.000000000 上午','DD-MON-RR HH.MI.SSXFF AM'),to_timestamp('29-10月-16 11.45.09.000000000 上午','DD-MON-RR HH.MI.SSXFF AM'),0,0,1);
Insert into ADMINSYSTEM.SYS_ROLE_PERMISSION (ID,SYS_PERMISSION_ID,SYS_ROLE_ID,RANK,CREATE_TIME,UPDATE_TIME,CREATE_BY,UPDATE_BY,STATUS) values (102,15,5,0,to_timestamp('29-10月-16 11.45.09.000000000 上午','DD-MON-RR HH.MI.SSXFF AM'),to_timestamp('29-10月-16 11.45.09.000000000 上午','DD-MON-RR HH.MI.SSXFF AM'),0,0,1);
Insert into ADMINSYSTEM.SYS_ROLE_PERMISSION (ID,SYS_PERMISSION_ID,SYS_ROLE_ID,RANK,CREATE_TIME,UPDATE_TIME,CREATE_BY,UPDATE_BY,STATUS) values (103,20,5,0,to_timestamp('29-10月-16 11.45.09.000000000 上午','DD-MON-RR HH.MI.SSXFF AM'),to_timestamp('29-10月-16 11.45.09.000000000 上午','DD-MON-RR HH.MI.SSXFF AM'),0,0,1);
Insert into ADMINSYSTEM.SYS_ROLE_PERMISSION (ID,SYS_PERMISSION_ID,SYS_ROLE_ID,RANK,CREATE_TIME,UPDATE_TIME,CREATE_BY,UPDATE_BY,STATUS) values (104,19,5,0,to_timestamp('29-10月-16 11.45.09.000000000 上午','DD-MON-RR HH.MI.SSXFF AM'),to_timestamp('29-10月-16 11.45.09.000000000 上午','DD-MON-RR HH.MI.SSXFF AM'),0,0,1);
Insert into ADMINSYSTEM.SYS_ROLE_PERMISSION (ID,SYS_PERMISSION_ID,SYS_ROLE_ID,RANK,CREATE_TIME,UPDATE_TIME,CREATE_BY,UPDATE_BY,STATUS) values (105,24,5,0,to_timestamp('29-10月-16 11.45.09.000000000 上午','DD-MON-RR HH.MI.SSXFF AM'),to_timestamp('29-10月-16 11.45.09.000000000 上午','DD-MON-RR HH.MI.SSXFF AM'),0,0,1);
Insert into ADMINSYSTEM.SYS_ROLE_PERMISSION (ID,SYS_PERMISSION_ID,SYS_ROLE_ID,RANK,CREATE_TIME,UPDATE_TIME,CREATE_BY,UPDATE_BY,STATUS) values (106,25,5,0,to_timestamp('29-10月-16 11.45.09.000000000 上午','DD-MON-RR HH.MI.SSXFF AM'),to_timestamp('29-10月-16 11.45.09.000000000 上午','DD-MON-RR HH.MI.SSXFF AM'),0,0,1);
Insert into ADMINSYSTEM.SYS_ROLE_PERMISSION (ID,SYS_PERMISSION_ID,SYS_ROLE_ID,RANK,CREATE_TIME,UPDATE_TIME,CREATE_BY,UPDATE_BY,STATUS) values (107,29,5,0,to_timestamp('29-10月-16 11.45.09.000000000 上午','DD-MON-RR HH.MI.SSXFF AM'),to_timestamp('29-10月-16 11.45.09.000000000 上午','DD-MON-RR HH.MI.SSXFF AM'),0,0,1);
Insert into ADMINSYSTEM.SYS_ROLE_PERMISSION (ID,SYS_PERMISSION_ID,SYS_ROLE_ID,RANK,CREATE_TIME,UPDATE_TIME,CREATE_BY,UPDATE_BY,STATUS) values (108,30,5,0,to_timestamp('29-10月-16 11.45.09.000000000 上午','DD-MON-RR HH.MI.SSXFF AM'),to_timestamp('29-10月-16 11.45.09.000000000 上午','DD-MON-RR HH.MI.SSXFF AM'),0,0,1);
Insert into ADMINSYSTEM.SYS_ROLE_PERMISSION (ID,SYS_PERMISSION_ID,SYS_ROLE_ID,RANK,CREATE_TIME,UPDATE_TIME,CREATE_BY,UPDATE_BY,STATUS) values (109,5,2,0,to_timestamp('29-10月-16 11.45.09.000000000 上午','DD-MON-RR HH.MI.SSXFF AM'),to_timestamp('29-10月-16 11.45.09.000000000 上午','DD-MON-RR HH.MI.SSXFF AM'),0,0,2);
Insert into ADMINSYSTEM.SYS_ROLE_PERMISSION (ID,SYS_PERMISSION_ID,SYS_ROLE_ID,RANK,CREATE_TIME,UPDATE_TIME,CREATE_BY,UPDATE_BY,STATUS) values (110,5,2,0,to_timestamp('29-10月-16 11.45.09.000000000 上午','DD-MON-RR HH.MI.SSXFF AM'),to_timestamp('29-10月-16 11.45.09.000000000 上午','DD-MON-RR HH.MI.SSXFF AM'),0,0,2);
Insert into ADMINSYSTEM.SYS_ROLE_PERMISSION (ID,SYS_PERMISSION_ID,SYS_ROLE_ID,RANK,CREATE_TIME,UPDATE_TIME,CREATE_BY,UPDATE_BY,STATUS) values (111,10,2,0,to_timestamp('29-10月-16 11.45.09.000000000 上午','DD-MON-RR HH.MI.SSXFF AM'),to_timestamp('29-10月-16 11.45.09.000000000 上午','DD-MON-RR HH.MI.SSXFF AM'),0,0,2);
Insert into ADMINSYSTEM.SYS_ROLE_PERMISSION (ID,SYS_PERMISSION_ID,SYS_ROLE_ID,RANK,CREATE_TIME,UPDATE_TIME,CREATE_BY,UPDATE_BY,STATUS) values (112,15,2,0,to_timestamp('29-10月-16 11.45.09.000000000 上午','DD-MON-RR HH.MI.SSXFF AM'),to_timestamp('29-10月-16 11.45.09.000000000 上午','DD-MON-RR HH.MI.SSXFF AM'),0,0,2);
Insert into ADMINSYSTEM.SYS_ROLE_PERMISSION (ID,SYS_PERMISSION_ID,SYS_ROLE_ID,RANK,CREATE_TIME,UPDATE_TIME,CREATE_BY,UPDATE_BY,STATUS) values (113,20,2,0,to_timestamp('29-10月-16 11.45.09.000000000 上午','DD-MON-RR HH.MI.SSXFF AM'),to_timestamp('29-10月-16 11.45.09.000000000 上午','DD-MON-RR HH.MI.SSXFF AM'),0,0,2);
Insert into ADMINSYSTEM.SYS_ROLE_PERMISSION (ID,SYS_PERMISSION_ID,SYS_ROLE_ID,RANK,CREATE_TIME,UPDATE_TIME,CREATE_BY,UPDATE_BY,STATUS) values (114,25,2,0,to_timestamp('29-10月-16 11.45.09.000000000 上午','DD-MON-RR HH.MI.SSXFF AM'),to_timestamp('29-10月-16 11.45.09.000000000 上午','DD-MON-RR HH.MI.SSXFF AM'),0,0,2);
Insert into ADMINSYSTEM.SYS_ROLE_PERMISSION (ID,SYS_PERMISSION_ID,SYS_ROLE_ID,RANK,CREATE_TIME,UPDATE_TIME,CREATE_BY,UPDATE_BY,STATUS) values (115,30,2,0,to_timestamp('29-10月-16 11.45.09.000000000 上午','DD-MON-RR HH.MI.SSXFF AM'),to_timestamp('29-10月-16 11.45.09.000000000 上午','DD-MON-RR HH.MI.SSXFF AM'),0,0,2);
Insert into ADMINSYSTEM.SYS_ROLE_PERMISSION (ID,SYS_PERMISSION_ID,SYS_ROLE_ID,RANK,CREATE_TIME,UPDATE_TIME,CREATE_BY,UPDATE_BY,STATUS) values (116,43,2,0,to_timestamp('29-10月-16 11.45.09.000000000 上午','DD-MON-RR HH.MI.SSXFF AM'),to_timestamp('29-10月-16 11.45.09.000000000 上午','DD-MON-RR HH.MI.SSXFF AM'),0,0,2);
Insert into ADMINSYSTEM.SYS_ROLE_PERMISSION (ID,SYS_PERMISSION_ID,SYS_ROLE_ID,RANK,CREATE_TIME,UPDATE_TIME,CREATE_BY,UPDATE_BY,STATUS) values (117,5,2,0,to_timestamp('29-10月-16 11.45.09.000000000 上午','DD-MON-RR HH.MI.SSXFF AM'),to_timestamp('29-10月-16 11.45.09.000000000 上午','DD-MON-RR HH.MI.SSXFF AM'),0,0,2);
Insert into ADMINSYSTEM.SYS_ROLE_PERMISSION (ID,SYS_PERMISSION_ID,SYS_ROLE_ID,RANK,CREATE_TIME,UPDATE_TIME,CREATE_BY,UPDATE_BY,STATUS) values (118,10,2,0,to_timestamp('29-10月-16 11.45.09.000000000 上午','DD-MON-RR HH.MI.SSXFF AM'),to_timestamp('29-10月-16 11.45.09.000000000 上午','DD-MON-RR HH.MI.SSXFF AM'),0,0,2);
Insert into ADMINSYSTEM.SYS_ROLE_PERMISSION (ID,SYS_PERMISSION_ID,SYS_ROLE_ID,RANK,CREATE_TIME,UPDATE_TIME,CREATE_BY,UPDATE_BY,STATUS) values (119,15,2,0,to_timestamp('29-10月-16 11.45.09.000000000 上午','DD-MON-RR HH.MI.SSXFF AM'),to_timestamp('29-10月-16 11.45.09.000000000 上午','DD-MON-RR HH.MI.SSXFF AM'),0,0,2);
Insert into ADMINSYSTEM.SYS_ROLE_PERMISSION (ID,SYS_PERMISSION_ID,SYS_ROLE_ID,RANK,CREATE_TIME,UPDATE_TIME,CREATE_BY,UPDATE_BY,STATUS) values (120,20,2,0,to_timestamp('29-10月-16 11.45.09.000000000 上午','DD-MON-RR HH.MI.SSXFF AM'),to_timestamp('29-10月-16 11.45.09.000000000 上午','DD-MON-RR HH.MI.SSXFF AM'),0,0,2);
Insert into ADMINSYSTEM.SYS_ROLE_PERMISSION (ID,SYS_PERMISSION_ID,SYS_ROLE_ID,RANK,CREATE_TIME,UPDATE_TIME,CREATE_BY,UPDATE_BY,STATUS) values (121,25,2,0,to_timestamp('29-10月-16 11.45.09.000000000 上午','DD-MON-RR HH.MI.SSXFF AM'),to_timestamp('29-10月-16 11.45.09.000000000 上午','DD-MON-RR HH.MI.SSXFF AM'),0,0,2);
Insert into ADMINSYSTEM.SYS_ROLE_PERMISSION (ID,SYS_PERMISSION_ID,SYS_ROLE_ID,RANK,CREATE_TIME,UPDATE_TIME,CREATE_BY,UPDATE_BY,STATUS) values (122,30,2,0,to_timestamp('29-10月-16 11.45.09.000000000 上午','DD-MON-RR HH.MI.SSXFF AM'),to_timestamp('29-10月-16 11.45.09.000000000 上午','DD-MON-RR HH.MI.SSXFF AM'),0,0,2);
Insert into ADMINSYSTEM.SYS_ROLE_PERMISSION (ID,SYS_PERMISSION_ID,SYS_ROLE_ID,RANK,CREATE_TIME,UPDATE_TIME,CREATE_BY,UPDATE_BY,STATUS) values (123,43,2,0,to_timestamp('29-10月-16 11.45.09.000000000 上午','DD-MON-RR HH.MI.SSXFF AM'),to_timestamp('29-10月-16 11.45.09.000000000 上午','DD-MON-RR HH.MI.SSXFF AM'),0,0,2);
Insert into ADMINSYSTEM.SYS_ROLE_PERMISSION (ID,SYS_PERMISSION_ID,SYS_ROLE_ID,RANK,CREATE_TIME,UPDATE_TIME,CREATE_BY,UPDATE_BY,STATUS) values (124,38,2,0,to_timestamp('29-10月-16 11.45.09.000000000 上午','DD-MON-RR HH.MI.SSXFF AM'),to_timestamp('29-10月-16 11.45.09.000000000 上午','DD-MON-RR HH.MI.SSXFF AM'),0,0,2);
Insert into ADMINSYSTEM.SYS_ROLE_PERMISSION (ID,SYS_PERMISSION_ID,SYS_ROLE_ID,RANK,CREATE_TIME,UPDATE_TIME,CREATE_BY,UPDATE_BY,STATUS) values (125,44,2,0,to_timestamp('29-10月-16 11.45.09.000000000 上午','DD-MON-RR HH.MI.SSXFF AM'),to_timestamp('29-10月-16 11.45.09.000000000 上午','DD-MON-RR HH.MI.SSXFF AM'),0,0,2);
Insert into ADMINSYSTEM.SYS_ROLE_PERMISSION (ID,SYS_PERMISSION_ID,SYS_ROLE_ID,RANK,CREATE_TIME,UPDATE_TIME,CREATE_BY,UPDATE_BY,STATUS) values (126,5,2,0,to_timestamp('29-10月-16 11.45.09.000000000 上午','DD-MON-RR HH.MI.SSXFF AM'),to_timestamp('29-10月-16 11.45.09.000000000 上午','DD-MON-RR HH.MI.SSXFF AM'),0,0,2);
Insert into ADMINSYSTEM.SYS_ROLE_PERMISSION (ID,SYS_PERMISSION_ID,SYS_ROLE_ID,RANK,CREATE_TIME,UPDATE_TIME,CREATE_BY,UPDATE_BY,STATUS) values (127,10,2,0,to_timestamp('29-10月-16 11.45.09.000000000 上午','DD-MON-RR HH.MI.SSXFF AM'),to_timestamp('29-10月-16 11.45.09.000000000 上午','DD-MON-RR HH.MI.SSXFF AM'),0,0,2);
Insert into ADMINSYSTEM.SYS_ROLE_PERMISSION (ID,SYS_PERMISSION_ID,SYS_ROLE_ID,RANK,CREATE_TIME,UPDATE_TIME,CREATE_BY,UPDATE_BY,STATUS) values (128,15,2,0,to_timestamp('29-10月-16 11.45.09.000000000 上午','DD-MON-RR HH.MI.SSXFF AM'),to_timestamp('29-10月-16 11.45.09.000000000 上午','DD-MON-RR HH.MI.SSXFF AM'),0,0,2);
Insert into ADMINSYSTEM.SYS_ROLE_PERMISSION (ID,SYS_PERMISSION_ID,SYS_ROLE_ID,RANK,CREATE_TIME,UPDATE_TIME,CREATE_BY,UPDATE_BY,STATUS) values (129,20,2,0,to_timestamp('29-10月-16 11.45.09.000000000 上午','DD-MON-RR HH.MI.SSXFF AM'),to_timestamp('29-10月-16 11.45.09.000000000 上午','DD-MON-RR HH.MI.SSXFF AM'),0,0,2);
Insert into ADMINSYSTEM.SYS_ROLE_PERMISSION (ID,SYS_PERMISSION_ID,SYS_ROLE_ID,RANK,CREATE_TIME,UPDATE_TIME,CREATE_BY,UPDATE_BY,STATUS) values (130,25,2,0,to_timestamp('29-10月-16 11.45.09.000000000 上午','DD-MON-RR HH.MI.SSXFF AM'),to_timestamp('29-10月-16 11.45.09.000000000 上午','DD-MON-RR HH.MI.SSXFF AM'),0,0,2);
Insert into ADMINSYSTEM.SYS_ROLE_PERMISSION (ID,SYS_PERMISSION_ID,SYS_ROLE_ID,RANK,CREATE_TIME,UPDATE_TIME,CREATE_BY,UPDATE_BY,STATUS) values (131,30,2,0,to_timestamp('29-10月-16 11.45.09.000000000 上午','DD-MON-RR HH.MI.SSXFF AM'),to_timestamp('29-10月-16 11.45.09.000000000 上午','DD-MON-RR HH.MI.SSXFF AM'),0,0,2);
Insert into ADMINSYSTEM.SYS_ROLE_PERMISSION (ID,SYS_PERMISSION_ID,SYS_ROLE_ID,RANK,CREATE_TIME,UPDATE_TIME,CREATE_BY,UPDATE_BY,STATUS) values (132,43,2,0,to_timestamp('29-10月-16 11.45.09.000000000 上午','DD-MON-RR HH.MI.SSXFF AM'),to_timestamp('29-10月-16 11.45.09.000000000 上午','DD-MON-RR HH.MI.SSXFF AM'),0,0,2);
Insert into ADMINSYSTEM.SYS_ROLE_PERMISSION (ID,SYS_PERMISSION_ID,SYS_ROLE_ID,RANK,CREATE_TIME,UPDATE_TIME,CREATE_BY,UPDATE_BY,STATUS) values (133,38,2,0,to_timestamp('29-10月-16 11.45.09.000000000 上午','DD-MON-RR HH.MI.SSXFF AM'),to_timestamp('29-10月-16 11.45.09.000000000 上午','DD-MON-RR HH.MI.SSXFF AM'),0,0,2);
Insert into ADMINSYSTEM.SYS_ROLE_PERMISSION (ID,SYS_PERMISSION_ID,SYS_ROLE_ID,RANK,CREATE_TIME,UPDATE_TIME,CREATE_BY,UPDATE_BY,STATUS) values (134,44,2,0,to_timestamp('29-10月-16 11.45.09.000000000 上午','DD-MON-RR HH.MI.SSXFF AM'),to_timestamp('29-10月-16 11.45.09.000000000 上午','DD-MON-RR HH.MI.SSXFF AM'),0,0,2);
Insert into ADMINSYSTEM.SYS_ROLE_PERMISSION (ID,SYS_PERMISSION_ID,SYS_ROLE_ID,RANK,CREATE_TIME,UPDATE_TIME,CREATE_BY,UPDATE_BY,STATUS) values (135,36,2,0,to_timestamp('29-10月-16 11.45.09.000000000 上午','DD-MON-RR HH.MI.SSXFF AM'),to_timestamp('29-10月-16 11.45.09.000000000 上午','DD-MON-RR HH.MI.SSXFF AM'),0,0,2);
Insert into ADMINSYSTEM.SYS_ROLE_PERMISSION (ID,SYS_PERMISSION_ID,SYS_ROLE_ID,RANK,CREATE_TIME,UPDATE_TIME,CREATE_BY,UPDATE_BY,STATUS) values (136,5,2,0,to_timestamp('29-10月-16 11.45.09.000000000 上午','DD-MON-RR HH.MI.SSXFF AM'),to_timestamp('29-10月-16 11.45.09.000000000 上午','DD-MON-RR HH.MI.SSXFF AM'),0,0,2);
Insert into ADMINSYSTEM.SYS_ROLE_PERMISSION (ID,SYS_PERMISSION_ID,SYS_ROLE_ID,RANK,CREATE_TIME,UPDATE_TIME,CREATE_BY,UPDATE_BY,STATUS) values (137,10,2,0,to_timestamp('29-10月-16 11.45.09.000000000 上午','DD-MON-RR HH.MI.SSXFF AM'),to_timestamp('29-10月-16 11.45.09.000000000 上午','DD-MON-RR HH.MI.SSXFF AM'),0,0,2);
Insert into ADMINSYSTEM.SYS_ROLE_PERMISSION (ID,SYS_PERMISSION_ID,SYS_ROLE_ID,RANK,CREATE_TIME,UPDATE_TIME,CREATE_BY,UPDATE_BY,STATUS) values (138,15,2,0,to_timestamp('29-10月-16 11.45.09.000000000 上午','DD-MON-RR HH.MI.SSXFF AM'),to_timestamp('29-10月-16 11.45.09.000000000 上午','DD-MON-RR HH.MI.SSXFF AM'),0,0,2);
Insert into ADMINSYSTEM.SYS_ROLE_PERMISSION (ID,SYS_PERMISSION_ID,SYS_ROLE_ID,RANK,CREATE_TIME,UPDATE_TIME,CREATE_BY,UPDATE_BY,STATUS) values (139,20,2,0,to_timestamp('29-10月-16 11.45.09.000000000 上午','DD-MON-RR HH.MI.SSXFF AM'),to_timestamp('29-10月-16 11.45.09.000000000 上午','DD-MON-RR HH.MI.SSXFF AM'),0,0,2);
Insert into ADMINSYSTEM.SYS_ROLE_PERMISSION (ID,SYS_PERMISSION_ID,SYS_ROLE_ID,RANK,CREATE_TIME,UPDATE_TIME,CREATE_BY,UPDATE_BY,STATUS) values (140,25,2,0,to_timestamp('29-10月-16 11.45.09.000000000 上午','DD-MON-RR HH.MI.SSXFF AM'),to_timestamp('29-10月-16 11.45.09.000000000 上午','DD-MON-RR HH.MI.SSXFF AM'),0,0,2);
Insert into ADMINSYSTEM.SYS_ROLE_PERMISSION (ID,SYS_PERMISSION_ID,SYS_ROLE_ID,RANK,CREATE_TIME,UPDATE_TIME,CREATE_BY,UPDATE_BY,STATUS) values (141,30,2,0,to_timestamp('29-10月-16 11.45.09.000000000 上午','DD-MON-RR HH.MI.SSXFF AM'),to_timestamp('29-10月-16 11.45.09.000000000 上午','DD-MON-RR HH.MI.SSXFF AM'),0,0,2);
Insert into ADMINSYSTEM.SYS_ROLE_PERMISSION (ID,SYS_PERMISSION_ID,SYS_ROLE_ID,RANK,CREATE_TIME,UPDATE_TIME,CREATE_BY,UPDATE_BY,STATUS) values (142,43,2,0,to_timestamp('29-10月-16 11.45.09.000000000 上午','DD-MON-RR HH.MI.SSXFF AM'),to_timestamp('29-10月-16 11.45.09.000000000 上午','DD-MON-RR HH.MI.SSXFF AM'),0,0,2);
Insert into ADMINSYSTEM.SYS_ROLE_PERMISSION (ID,SYS_PERMISSION_ID,SYS_ROLE_ID,RANK,CREATE_TIME,UPDATE_TIME,CREATE_BY,UPDATE_BY,STATUS) values (143,38,2,0,to_timestamp('29-10月-16 11.45.09.000000000 上午','DD-MON-RR HH.MI.SSXFF AM'),to_timestamp('29-10月-16 11.45.09.000000000 上午','DD-MON-RR HH.MI.SSXFF AM'),0,0,2);
Insert into ADMINSYSTEM.SYS_ROLE_PERMISSION (ID,SYS_PERMISSION_ID,SYS_ROLE_ID,RANK,CREATE_TIME,UPDATE_TIME,CREATE_BY,UPDATE_BY,STATUS) values (144,44,2,0,to_timestamp('29-10月-16 11.45.09.000000000 上午','DD-MON-RR HH.MI.SSXFF AM'),to_timestamp('29-10月-16 11.45.09.000000000 上午','DD-MON-RR HH.MI.SSXFF AM'),0,0,2);
Insert into ADMINSYSTEM.SYS_ROLE_PERMISSION (ID,SYS_PERMISSION_ID,SYS_ROLE_ID,RANK,CREATE_TIME,UPDATE_TIME,CREATE_BY,UPDATE_BY,STATUS) values (145,36,2,0,to_timestamp('29-10月-16 11.45.09.000000000 上午','DD-MON-RR HH.MI.SSXFF AM'),to_timestamp('29-10月-16 11.45.09.000000000 上午','DD-MON-RR HH.MI.SSXFF AM'),0,0,2);
Insert into ADMINSYSTEM.SYS_ROLE_PERMISSION (ID,SYS_PERMISSION_ID,SYS_ROLE_ID,RANK,CREATE_TIME,UPDATE_TIME,CREATE_BY,UPDATE_BY,STATUS) values (146,34,2,0,to_timestamp('29-10月-16 11.45.09.000000000 上午','DD-MON-RR HH.MI.SSXFF AM'),to_timestamp('29-10月-16 11.45.09.000000000 上午','DD-MON-RR HH.MI.SSXFF AM'),0,0,2);
Insert into ADMINSYSTEM.SYS_ROLE_PERMISSION (ID,SYS_PERMISSION_ID,SYS_ROLE_ID,RANK,CREATE_TIME,UPDATE_TIME,CREATE_BY,UPDATE_BY,STATUS) values (147,1,1,0,to_timestamp('29-10月-16 11.45.09.000000000 上午','DD-MON-RR HH.MI.SSXFF AM'),to_timestamp('29-10月-16 11.45.09.000000000 上午','DD-MON-RR HH.MI.SSXFF AM'),0,0,1);
Insert into ADMINSYSTEM.SYS_ROLE_PERMISSION (ID,SYS_PERMISSION_ID,SYS_ROLE_ID,RANK,CREATE_TIME,UPDATE_TIME,CREATE_BY,UPDATE_BY,STATUS) values (148,2,1,0,to_timestamp('29-10月-16 11.45.09.000000000 上午','DD-MON-RR HH.MI.SSXFF AM'),to_timestamp('29-10月-16 11.45.09.000000000 上午','DD-MON-RR HH.MI.SSXFF AM'),0,0,1);
Insert into ADMINSYSTEM.SYS_ROLE_PERMISSION (ID,SYS_PERMISSION_ID,SYS_ROLE_ID,RANK,CREATE_TIME,UPDATE_TIME,CREATE_BY,UPDATE_BY,STATUS) values (149,3,1,0,to_timestamp('29-10月-16 11.45.09.000000000 上午','DD-MON-RR HH.MI.SSXFF AM'),to_timestamp('29-10月-16 11.45.09.000000000 上午','DD-MON-RR HH.MI.SSXFF AM'),0,0,1);
Insert into ADMINSYSTEM.SYS_ROLE_PERMISSION (ID,SYS_PERMISSION_ID,SYS_ROLE_ID,RANK,CREATE_TIME,UPDATE_TIME,CREATE_BY,UPDATE_BY,STATUS) values (150,4,1,0,to_timestamp('29-10月-16 11.45.09.000000000 上午','DD-MON-RR HH.MI.SSXFF AM'),to_timestamp('29-10月-16 11.45.09.000000000 上午','DD-MON-RR HH.MI.SSXFF AM'),0,0,1);
Insert into ADMINSYSTEM.SYS_ROLE_PERMISSION (ID,SYS_PERMISSION_ID,SYS_ROLE_ID,RANK,CREATE_TIME,UPDATE_TIME,CREATE_BY,UPDATE_BY,STATUS) values (151,5,1,0,to_timestamp('29-10月-16 11.45.09.000000000 上午','DD-MON-RR HH.MI.SSXFF AM'),to_timestamp('29-10月-16 11.45.09.000000000 上午','DD-MON-RR HH.MI.SSXFF AM'),0,0,1);
Insert into ADMINSYSTEM.SYS_ROLE_PERMISSION (ID,SYS_PERMISSION_ID,SYS_ROLE_ID,RANK,CREATE_TIME,UPDATE_TIME,CREATE_BY,UPDATE_BY,STATUS) values (152,31,1,0,to_timestamp('29-10月-16 11.45.09.000000000 上午','DD-MON-RR HH.MI.SSXFF AM'),to_timestamp('29-10月-16 11.45.09.000000000 上午','DD-MON-RR HH.MI.SSXFF AM'),0,0,1);
Insert into ADMINSYSTEM.SYS_ROLE_PERMISSION (ID,SYS_PERMISSION_ID,SYS_ROLE_ID,RANK,CREATE_TIME,UPDATE_TIME,CREATE_BY,UPDATE_BY,STATUS) values (153,32,1,0,to_timestamp('29-10月-16 11.45.09.000000000 上午','DD-MON-RR HH.MI.SSXFF AM'),to_timestamp('29-10月-16 11.45.09.000000000 上午','DD-MON-RR HH.MI.SSXFF AM'),0,0,1);
Insert into ADMINSYSTEM.SYS_ROLE_PERMISSION (ID,SYS_PERMISSION_ID,SYS_ROLE_ID,RANK,CREATE_TIME,UPDATE_TIME,CREATE_BY,UPDATE_BY,STATUS) values (154,33,1,0,to_timestamp('29-10月-16 11.45.09.000000000 上午','DD-MON-RR HH.MI.SSXFF AM'),to_timestamp('29-10月-16 11.45.09.000000000 上午','DD-MON-RR HH.MI.SSXFF AM'),0,0,1);
Insert into ADMINSYSTEM.SYS_ROLE_PERMISSION (ID,SYS_PERMISSION_ID,SYS_ROLE_ID,RANK,CREATE_TIME,UPDATE_TIME,CREATE_BY,UPDATE_BY,STATUS) values (155,6,1,0,to_timestamp('29-10月-16 11.45.09.000000000 上午','DD-MON-RR HH.MI.SSXFF AM'),to_timestamp('29-10月-16 11.45.09.000000000 上午','DD-MON-RR HH.MI.SSXFF AM'),0,0,1);
Insert into ADMINSYSTEM.SYS_ROLE_PERMISSION (ID,SYS_PERMISSION_ID,SYS_ROLE_ID,RANK,CREATE_TIME,UPDATE_TIME,CREATE_BY,UPDATE_BY,STATUS) values (156,7,1,0,to_timestamp('29-10月-16 11.45.09.000000000 上午','DD-MON-RR HH.MI.SSXFF AM'),to_timestamp('29-10月-16 11.45.09.000000000 上午','DD-MON-RR HH.MI.SSXFF AM'),0,0,1);
Insert into ADMINSYSTEM.SYS_ROLE_PERMISSION (ID,SYS_PERMISSION_ID,SYS_ROLE_ID,RANK,CREATE_TIME,UPDATE_TIME,CREATE_BY,UPDATE_BY,STATUS) values (157,8,1,0,to_timestamp('29-10月-16 11.45.09.000000000 上午','DD-MON-RR HH.MI.SSXFF AM'),to_timestamp('29-10月-16 11.45.09.000000000 上午','DD-MON-RR HH.MI.SSXFF AM'),0,0,1);
Insert into ADMINSYSTEM.SYS_ROLE_PERMISSION (ID,SYS_PERMISSION_ID,SYS_ROLE_ID,RANK,CREATE_TIME,UPDATE_TIME,CREATE_BY,UPDATE_BY,STATUS) values (158,9,1,0,to_timestamp('29-10月-16 11.45.09.000000000 上午','DD-MON-RR HH.MI.SSXFF AM'),to_timestamp('29-10月-16 11.45.09.000000000 上午','DD-MON-RR HH.MI.SSXFF AM'),0,0,1);
Insert into ADMINSYSTEM.SYS_ROLE_PERMISSION (ID,SYS_PERMISSION_ID,SYS_ROLE_ID,RANK,CREATE_TIME,UPDATE_TIME,CREATE_BY,UPDATE_BY,STATUS) values (159,10,1,0,to_timestamp('29-10月-16 11.45.09.000000000 上午','DD-MON-RR HH.MI.SSXFF AM'),to_timestamp('29-10月-16 11.45.09.000000000 上午','DD-MON-RR HH.MI.SSXFF AM'),0,0,1);
Insert into ADMINSYSTEM.SYS_ROLE_PERMISSION (ID,SYS_PERMISSION_ID,SYS_ROLE_ID,RANK,CREATE_TIME,UPDATE_TIME,CREATE_BY,UPDATE_BY,STATUS) values (160,11,1,0,to_timestamp('29-10月-16 11.45.09.000000000 上午','DD-MON-RR HH.MI.SSXFF AM'),to_timestamp('29-10月-16 11.45.09.000000000 上午','DD-MON-RR HH.MI.SSXFF AM'),0,0,1);
Insert into ADMINSYSTEM.SYS_ROLE_PERMISSION (ID,SYS_PERMISSION_ID,SYS_ROLE_ID,RANK,CREATE_TIME,UPDATE_TIME,CREATE_BY,UPDATE_BY,STATUS) values (161,12,1,0,to_timestamp('29-10月-16 11.45.09.000000000 上午','DD-MON-RR HH.MI.SSXFF AM'),to_timestamp('29-10月-16 11.45.09.000000000 上午','DD-MON-RR HH.MI.SSXFF AM'),0,0,1);
Insert into ADMINSYSTEM.SYS_ROLE_PERMISSION (ID,SYS_PERMISSION_ID,SYS_ROLE_ID,RANK,CREATE_TIME,UPDATE_TIME,CREATE_BY,UPDATE_BY,STATUS) values (162,13,1,0,to_timestamp('29-10月-16 11.45.09.000000000 上午','DD-MON-RR HH.MI.SSXFF AM'),to_timestamp('29-10月-16 11.45.09.000000000 上午','DD-MON-RR HH.MI.SSXFF AM'),0,0,1);
Insert into ADMINSYSTEM.SYS_ROLE_PERMISSION (ID,SYS_PERMISSION_ID,SYS_ROLE_ID,RANK,CREATE_TIME,UPDATE_TIME,CREATE_BY,UPDATE_BY,STATUS) values (163,14,1,0,to_timestamp('29-10月-16 11.45.09.000000000 上午','DD-MON-RR HH.MI.SSXFF AM'),to_timestamp('29-10月-16 11.45.09.000000000 上午','DD-MON-RR HH.MI.SSXFF AM'),0,0,1);
Insert into ADMINSYSTEM.SYS_ROLE_PERMISSION (ID,SYS_PERMISSION_ID,SYS_ROLE_ID,RANK,CREATE_TIME,UPDATE_TIME,CREATE_BY,UPDATE_BY,STATUS) values (164,15,1,0,to_timestamp('29-10月-16 11.45.09.000000000 上午','DD-MON-RR HH.MI.SSXFF AM'),to_timestamp('29-10月-16 11.45.09.000000000 上午','DD-MON-RR HH.MI.SSXFF AM'),0,0,1);
Insert into ADMINSYSTEM.SYS_ROLE_PERMISSION (ID,SYS_PERMISSION_ID,SYS_ROLE_ID,RANK,CREATE_TIME,UPDATE_TIME,CREATE_BY,UPDATE_BY,STATUS) values (165,16,1,0,to_timestamp('29-10月-16 11.45.09.000000000 上午','DD-MON-RR HH.MI.SSXFF AM'),to_timestamp('29-10月-16 11.45.09.000000000 上午','DD-MON-RR HH.MI.SSXFF AM'),0,0,1);
Insert into ADMINSYSTEM.SYS_ROLE_PERMISSION (ID,SYS_PERMISSION_ID,SYS_ROLE_ID,RANK,CREATE_TIME,UPDATE_TIME,CREATE_BY,UPDATE_BY,STATUS) values (166,17,1,0,to_timestamp('29-10月-16 11.45.09.000000000 上午','DD-MON-RR HH.MI.SSXFF AM'),to_timestamp('29-10月-16 11.45.09.000000000 上午','DD-MON-RR HH.MI.SSXFF AM'),0,0,1);
Insert into ADMINSYSTEM.SYS_ROLE_PERMISSION (ID,SYS_PERMISSION_ID,SYS_ROLE_ID,RANK,CREATE_TIME,UPDATE_TIME,CREATE_BY,UPDATE_BY,STATUS) values (167,18,1,0,to_timestamp('29-10月-16 11.45.09.000000000 上午','DD-MON-RR HH.MI.SSXFF AM'),to_timestamp('29-10月-16 11.45.09.000000000 上午','DD-MON-RR HH.MI.SSXFF AM'),0,0,1);
Insert into ADMINSYSTEM.SYS_ROLE_PERMISSION (ID,SYS_PERMISSION_ID,SYS_ROLE_ID,RANK,CREATE_TIME,UPDATE_TIME,CREATE_BY,UPDATE_BY,STATUS) values (168,19,1,0,to_timestamp('29-10月-16 11.45.09.000000000 上午','DD-MON-RR HH.MI.SSXFF AM'),to_timestamp('29-10月-16 11.45.09.000000000 上午','DD-MON-RR HH.MI.SSXFF AM'),0,0,1);
Insert into ADMINSYSTEM.SYS_ROLE_PERMISSION (ID,SYS_PERMISSION_ID,SYS_ROLE_ID,RANK,CREATE_TIME,UPDATE_TIME,CREATE_BY,UPDATE_BY,STATUS) values (169,20,1,0,to_timestamp('29-10月-16 11.45.09.000000000 上午','DD-MON-RR HH.MI.SSXFF AM'),to_timestamp('29-10月-16 11.45.09.000000000 上午','DD-MON-RR HH.MI.SSXFF AM'),0,0,1);
Insert into ADMINSYSTEM.SYS_ROLE_PERMISSION (ID,SYS_PERMISSION_ID,SYS_ROLE_ID,RANK,CREATE_TIME,UPDATE_TIME,CREATE_BY,UPDATE_BY,STATUS) values (170,21,1,0,to_timestamp('29-10月-16 11.45.09.000000000 上午','DD-MON-RR HH.MI.SSXFF AM'),to_timestamp('29-10月-16 11.45.09.000000000 上午','DD-MON-RR HH.MI.SSXFF AM'),0,0,1);
Insert into ADMINSYSTEM.SYS_ROLE_PERMISSION (ID,SYS_PERMISSION_ID,SYS_ROLE_ID,RANK,CREATE_TIME,UPDATE_TIME,CREATE_BY,UPDATE_BY,STATUS) values (171,22,1,0,to_timestamp('29-10月-16 11.45.09.000000000 上午','DD-MON-RR HH.MI.SSXFF AM'),to_timestamp('29-10月-16 11.45.09.000000000 上午','DD-MON-RR HH.MI.SSXFF AM'),0,0,1);
Insert into ADMINSYSTEM.SYS_ROLE_PERMISSION (ID,SYS_PERMISSION_ID,SYS_ROLE_ID,RANK,CREATE_TIME,UPDATE_TIME,CREATE_BY,UPDATE_BY,STATUS) values (172,23,1,0,to_timestamp('29-10月-16 11.45.09.000000000 上午','DD-MON-RR HH.MI.SSXFF AM'),to_timestamp('29-10月-16 11.45.09.000000000 上午','DD-MON-RR HH.MI.SSXFF AM'),0,0,1);
Insert into ADMINSYSTEM.SYS_ROLE_PERMISSION (ID,SYS_PERMISSION_ID,SYS_ROLE_ID,RANK,CREATE_TIME,UPDATE_TIME,CREATE_BY,UPDATE_BY,STATUS) values (173,24,1,0,to_timestamp('29-10月-16 11.45.09.000000000 上午','DD-MON-RR HH.MI.SSXFF AM'),to_timestamp('29-10月-16 11.45.09.000000000 上午','DD-MON-RR HH.MI.SSXFF AM'),0,0,1);
Insert into ADMINSYSTEM.SYS_ROLE_PERMISSION (ID,SYS_PERMISSION_ID,SYS_ROLE_ID,RANK,CREATE_TIME,UPDATE_TIME,CREATE_BY,UPDATE_BY,STATUS) values (174,25,1,0,to_timestamp('29-10月-16 11.45.09.000000000 上午','DD-MON-RR HH.MI.SSXFF AM'),to_timestamp('29-10月-16 11.45.09.000000000 上午','DD-MON-RR HH.MI.SSXFF AM'),0,0,1);
Insert into ADMINSYSTEM.SYS_ROLE_PERMISSION (ID,SYS_PERMISSION_ID,SYS_ROLE_ID,RANK,CREATE_TIME,UPDATE_TIME,CREATE_BY,UPDATE_BY,STATUS) values (175,26,1,0,to_timestamp('29-10月-16 11.45.09.000000000 上午','DD-MON-RR HH.MI.SSXFF AM'),to_timestamp('29-10月-16 11.45.09.000000000 上午','DD-MON-RR HH.MI.SSXFF AM'),0,0,1);
Insert into ADMINSYSTEM.SYS_ROLE_PERMISSION (ID,SYS_PERMISSION_ID,SYS_ROLE_ID,RANK,CREATE_TIME,UPDATE_TIME,CREATE_BY,UPDATE_BY,STATUS) values (176,27,1,0,to_timestamp('29-10月-16 11.45.09.000000000 上午','DD-MON-RR HH.MI.SSXFF AM'),to_timestamp('29-10月-16 11.45.09.000000000 上午','DD-MON-RR HH.MI.SSXFF AM'),0,0,1);
Insert into ADMINSYSTEM.SYS_ROLE_PERMISSION (ID,SYS_PERMISSION_ID,SYS_ROLE_ID,RANK,CREATE_TIME,UPDATE_TIME,CREATE_BY,UPDATE_BY,STATUS) values (177,28,1,0,to_timestamp('29-10月-16 11.45.09.000000000 上午','DD-MON-RR HH.MI.SSXFF AM'),to_timestamp('29-10月-16 11.45.09.000000000 上午','DD-MON-RR HH.MI.SSXFF AM'),0,0,1);
Insert into ADMINSYSTEM.SYS_ROLE_PERMISSION (ID,SYS_PERMISSION_ID,SYS_ROLE_ID,RANK,CREATE_TIME,UPDATE_TIME,CREATE_BY,UPDATE_BY,STATUS) values (178,29,1,0,to_timestamp('29-10月-16 11.45.09.000000000 上午','DD-MON-RR HH.MI.SSXFF AM'),to_timestamp('29-10月-16 11.45.09.000000000 上午','DD-MON-RR HH.MI.SSXFF AM'),0,0,1);
Insert into ADMINSYSTEM.SYS_ROLE_PERMISSION (ID,SYS_PERMISSION_ID,SYS_ROLE_ID,RANK,CREATE_TIME,UPDATE_TIME,CREATE_BY,UPDATE_BY,STATUS) values (179,30,1,0,to_timestamp('29-10月-16 11.45.09.000000000 上午','DD-MON-RR HH.MI.SSXFF AM'),to_timestamp('29-10月-16 11.45.09.000000000 上午','DD-MON-RR HH.MI.SSXFF AM'),0,0,1);
Insert into ADMINSYSTEM.SYS_ROLE_PERMISSION (ID,SYS_PERMISSION_ID,SYS_ROLE_ID,RANK,CREATE_TIME,UPDATE_TIME,CREATE_BY,UPDATE_BY,STATUS) values (180,35,1,0,to_timestamp('29-10月-16 11.45.09.000000000 上午','DD-MON-RR HH.MI.SSXFF AM'),to_timestamp('29-10月-16 11.45.09.000000000 上午','DD-MON-RR HH.MI.SSXFF AM'),0,0,1);
Insert into ADMINSYSTEM.SYS_ROLE_PERMISSION (ID,SYS_PERMISSION_ID,SYS_ROLE_ID,RANK,CREATE_TIME,UPDATE_TIME,CREATE_BY,UPDATE_BY,STATUS) values (181,36,1,0,to_timestamp('29-10月-16 11.45.09.000000000 上午','DD-MON-RR HH.MI.SSXFF AM'),to_timestamp('29-10月-16 11.45.09.000000000 上午','DD-MON-RR HH.MI.SSXFF AM'),0,0,1);
Insert into ADMINSYSTEM.SYS_ROLE_PERMISSION (ID,SYS_PERMISSION_ID,SYS_ROLE_ID,RANK,CREATE_TIME,UPDATE_TIME,CREATE_BY,UPDATE_BY,STATUS) values (182,37,1,0,to_timestamp('29-10月-16 11.45.09.000000000 上午','DD-MON-RR HH.MI.SSXFF AM'),to_timestamp('29-10月-16 11.45.09.000000000 上午','DD-MON-RR HH.MI.SSXFF AM'),0,0,1);
Insert into ADMINSYSTEM.SYS_ROLE_PERMISSION (ID,SYS_PERMISSION_ID,SYS_ROLE_ID,RANK,CREATE_TIME,UPDATE_TIME,CREATE_BY,UPDATE_BY,STATUS) values (183,38,1,0,to_timestamp('29-10月-16 11.45.09.000000000 上午','DD-MON-RR HH.MI.SSXFF AM'),to_timestamp('29-10月-16 11.45.09.000000000 上午','DD-MON-RR HH.MI.SSXFF AM'),0,0,1);
Insert into ADMINSYSTEM.SYS_ROLE_PERMISSION (ID,SYS_PERMISSION_ID,SYS_ROLE_ID,RANK,CREATE_TIME,UPDATE_TIME,CREATE_BY,UPDATE_BY,STATUS) values (184,44,1,0,to_timestamp('29-10月-16 11.45.09.000000000 上午','DD-MON-RR HH.MI.SSXFF AM'),to_timestamp('29-10月-16 11.45.09.000000000 上午','DD-MON-RR HH.MI.SSXFF AM'),0,0,1);
REM INSERTING into ADMINSYSTEM.SYS_USER
SET DEFINE OFF;
Insert into ADMINSYSTEM.SYS_USER (ID,LOGIN_NAME,ZH_NAME,EN_NAME,SEX,BIRTH,EMAIL,PHONE,ADDRESS,PASSWORD,PASSWORD_SALT,RANK,CREATE_TIME,UPDATE_TIME,CREATE_BY,UPDATE_BY,STATUS,IS_FINAL) values (1,'admin','admin','admin',1,null,null,null,null,'f893d078cee0c79c90e8747e1df8f54b','0e1e5f9114dc4d60a7ea9e13c60bdff8',0,to_timestamp('29-10月-16 11.45.09.000000000 上午','DD-MON-RR HH.MI.SSXFF AM'),to_timestamp('29-10月-16 11.45.09.000000000 上午','DD-MON-RR HH.MI.SSXFF AM'),0,0,1,2);
Insert into ADMINSYSTEM.SYS_USER (ID,LOGIN_NAME,ZH_NAME,EN_NAME,SEX,BIRTH,EMAIL,PHONE,ADDRESS,PASSWORD,PASSWORD_SALT,RANK,CREATE_TIME,UPDATE_TIME,CREATE_BY,UPDATE_BY,STATUS,IS_FINAL) values (2,'admin2','admin2管理员','admin2',1,null,null,null,null,'2f38e9c59827c9d457a2d82d38ba4e37','b80407eb849f4cd88c89c3e59f97b089',0,to_timestamp('29-10月-16 11.45.09.000000000 上午','DD-MON-RR HH.MI.SSXFF AM'),to_timestamp('29-10月-16 11.45.09.000000000 上午','DD-MON-RR HH.MI.SSXFF AM'),0,0,1,2);
REM INSERTING into ADMINSYSTEM.SYS_USER_PERMISSION
SET DEFINE OFF;
Insert into ADMINSYSTEM.SYS_USER_PERMISSION (ID,SYS_USER_ID,SYS_PERMISSION_ID,IS_FINAL,RANK,CREATE_TIME,UPDATE_TIME,CREATE_BY,UPDATE_BY,STATUS) values (1,1,1,2,0,to_timestamp('29-10月-16 11.45.09.000000000 上午','DD-MON-RR HH.MI.SSXFF AM'),to_timestamp('29-10月-16 11.45.09.000000000 上午','DD-MON-RR HH.MI.SSXFF AM'),0,0,2);
Insert into ADMINSYSTEM.SYS_USER_PERMISSION (ID,SYS_USER_ID,SYS_PERMISSION_ID,IS_FINAL,RANK,CREATE_TIME,UPDATE_TIME,CREATE_BY,UPDATE_BY,STATUS) values (2,1,2,2,0,to_timestamp('29-10月-16 11.45.09.000000000 上午','DD-MON-RR HH.MI.SSXFF AM'),to_timestamp('29-10月-16 11.45.09.000000000 上午','DD-MON-RR HH.MI.SSXFF AM'),0,0,2);
Insert into ADMINSYSTEM.SYS_USER_PERMISSION (ID,SYS_USER_ID,SYS_PERMISSION_ID,IS_FINAL,RANK,CREATE_TIME,UPDATE_TIME,CREATE_BY,UPDATE_BY,STATUS) values (3,1,3,2,0,to_timestamp('29-10月-16 11.45.09.000000000 上午','DD-MON-RR HH.MI.SSXFF AM'),to_timestamp('29-10月-16 11.45.09.000000000 上午','DD-MON-RR HH.MI.SSXFF AM'),0,0,2);
Insert into ADMINSYSTEM.SYS_USER_PERMISSION (ID,SYS_USER_ID,SYS_PERMISSION_ID,IS_FINAL,RANK,CREATE_TIME,UPDATE_TIME,CREATE_BY,UPDATE_BY,STATUS) values (4,1,4,2,0,to_timestamp('29-10月-16 11.45.09.000000000 上午','DD-MON-RR HH.MI.SSXFF AM'),to_timestamp('29-10月-16 11.45.09.000000000 上午','DD-MON-RR HH.MI.SSXFF AM'),0,0,2);
Insert into ADMINSYSTEM.SYS_USER_PERMISSION (ID,SYS_USER_ID,SYS_PERMISSION_ID,IS_FINAL,RANK,CREATE_TIME,UPDATE_TIME,CREATE_BY,UPDATE_BY,STATUS) values (5,1,5,2,0,to_timestamp('29-10月-16 11.45.09.000000000 上午','DD-MON-RR HH.MI.SSXFF AM'),to_timestamp('29-10月-16 11.45.09.000000000 上午','DD-MON-RR HH.MI.SSXFF AM'),0,0,2);
Insert into ADMINSYSTEM.SYS_USER_PERMISSION (ID,SYS_USER_ID,SYS_PERMISSION_ID,IS_FINAL,RANK,CREATE_TIME,UPDATE_TIME,CREATE_BY,UPDATE_BY,STATUS) values (6,1,31,2,0,to_timestamp('29-10月-16 11.45.09.000000000 上午','DD-MON-RR HH.MI.SSXFF AM'),to_timestamp('29-10月-16 11.45.09.000000000 上午','DD-MON-RR HH.MI.SSXFF AM'),0,0,2);
Insert into ADMINSYSTEM.SYS_USER_PERMISSION (ID,SYS_USER_ID,SYS_PERMISSION_ID,IS_FINAL,RANK,CREATE_TIME,UPDATE_TIME,CREATE_BY,UPDATE_BY,STATUS) values (7,1,32,2,0,to_timestamp('29-10月-16 11.45.09.000000000 上午','DD-MON-RR HH.MI.SSXFF AM'),to_timestamp('29-10月-16 11.45.09.000000000 上午','DD-MON-RR HH.MI.SSXFF AM'),0,0,2);
Insert into ADMINSYSTEM.SYS_USER_PERMISSION (ID,SYS_USER_ID,SYS_PERMISSION_ID,IS_FINAL,RANK,CREATE_TIME,UPDATE_TIME,CREATE_BY,UPDATE_BY,STATUS) values (8,1,33,2,0,to_timestamp('29-10月-16 11.45.09.000000000 上午','DD-MON-RR HH.MI.SSXFF AM'),to_timestamp('29-10月-16 11.45.09.000000000 上午','DD-MON-RR HH.MI.SSXFF AM'),0,0,2);
Insert into ADMINSYSTEM.SYS_USER_PERMISSION (ID,SYS_USER_ID,SYS_PERMISSION_ID,IS_FINAL,RANK,CREATE_TIME,UPDATE_TIME,CREATE_BY,UPDATE_BY,STATUS) values (9,1,6,2,0,to_timestamp('29-10月-16 11.45.09.000000000 上午','DD-MON-RR HH.MI.SSXFF AM'),to_timestamp('29-10月-16 11.45.09.000000000 上午','DD-MON-RR HH.MI.SSXFF AM'),0,0,2);
Insert into ADMINSYSTEM.SYS_USER_PERMISSION (ID,SYS_USER_ID,SYS_PERMISSION_ID,IS_FINAL,RANK,CREATE_TIME,UPDATE_TIME,CREATE_BY,UPDATE_BY,STATUS) values (10,1,7,2,0,to_timestamp('29-10月-16 11.45.09.000000000 上午','DD-MON-RR HH.MI.SSXFF AM'),to_timestamp('29-10月-16 11.45.09.000000000 上午','DD-MON-RR HH.MI.SSXFF AM'),0,0,2);
Insert into ADMINSYSTEM.SYS_USER_PERMISSION (ID,SYS_USER_ID,SYS_PERMISSION_ID,IS_FINAL,RANK,CREATE_TIME,UPDATE_TIME,CREATE_BY,UPDATE_BY,STATUS) values (11,1,8,2,0,to_timestamp('29-10月-16 11.45.09.000000000 上午','DD-MON-RR HH.MI.SSXFF AM'),to_timestamp('29-10月-16 11.45.09.000000000 上午','DD-MON-RR HH.MI.SSXFF AM'),0,0,2);
Insert into ADMINSYSTEM.SYS_USER_PERMISSION (ID,SYS_USER_ID,SYS_PERMISSION_ID,IS_FINAL,RANK,CREATE_TIME,UPDATE_TIME,CREATE_BY,UPDATE_BY,STATUS) values (12,1,9,2,0,to_timestamp('29-10月-16 11.45.09.000000000 上午','DD-MON-RR HH.MI.SSXFF AM'),to_timestamp('29-10月-16 11.45.09.000000000 上午','DD-MON-RR HH.MI.SSXFF AM'),0,0,2);
Insert into ADMINSYSTEM.SYS_USER_PERMISSION (ID,SYS_USER_ID,SYS_PERMISSION_ID,IS_FINAL,RANK,CREATE_TIME,UPDATE_TIME,CREATE_BY,UPDATE_BY,STATUS) values (13,1,10,2,0,to_timestamp('29-10月-16 11.45.09.000000000 上午','DD-MON-RR HH.MI.SSXFF AM'),to_timestamp('29-10月-16 11.45.09.000000000 上午','DD-MON-RR HH.MI.SSXFF AM'),0,0,2);
Insert into ADMINSYSTEM.SYS_USER_PERMISSION (ID,SYS_USER_ID,SYS_PERMISSION_ID,IS_FINAL,RANK,CREATE_TIME,UPDATE_TIME,CREATE_BY,UPDATE_BY,STATUS) values (14,1,11,2,0,to_timestamp('29-10月-16 11.45.09.000000000 上午','DD-MON-RR HH.MI.SSXFF AM'),to_timestamp('29-10月-16 11.45.09.000000000 上午','DD-MON-RR HH.MI.SSXFF AM'),0,0,2);
Insert into ADMINSYSTEM.SYS_USER_PERMISSION (ID,SYS_USER_ID,SYS_PERMISSION_ID,IS_FINAL,RANK,CREATE_TIME,UPDATE_TIME,CREATE_BY,UPDATE_BY,STATUS) values (15,1,12,2,0,to_timestamp('29-10月-16 11.45.09.000000000 上午','DD-MON-RR HH.MI.SSXFF AM'),to_timestamp('29-10月-16 11.45.09.000000000 上午','DD-MON-RR HH.MI.SSXFF AM'),0,0,2);
Insert into ADMINSYSTEM.SYS_USER_PERMISSION (ID,SYS_USER_ID,SYS_PERMISSION_ID,IS_FINAL,RANK,CREATE_TIME,UPDATE_TIME,CREATE_BY,UPDATE_BY,STATUS) values (16,1,13,2,0,to_timestamp('29-10月-16 11.45.09.000000000 上午','DD-MON-RR HH.MI.SSXFF AM'),to_timestamp('29-10月-16 11.45.09.000000000 上午','DD-MON-RR HH.MI.SSXFF AM'),0,0,2);
Insert into ADMINSYSTEM.SYS_USER_PERMISSION (ID,SYS_USER_ID,SYS_PERMISSION_ID,IS_FINAL,RANK,CREATE_TIME,UPDATE_TIME,CREATE_BY,UPDATE_BY,STATUS) values (17,1,14,2,0,to_timestamp('29-10月-16 11.45.09.000000000 上午','DD-MON-RR HH.MI.SSXFF AM'),to_timestamp('29-10月-16 11.45.09.000000000 上午','DD-MON-RR HH.MI.SSXFF AM'),0,0,2);
Insert into ADMINSYSTEM.SYS_USER_PERMISSION (ID,SYS_USER_ID,SYS_PERMISSION_ID,IS_FINAL,RANK,CREATE_TIME,UPDATE_TIME,CREATE_BY,UPDATE_BY,STATUS) values (18,1,15,2,0,to_timestamp('29-10月-16 11.45.09.000000000 上午','DD-MON-RR HH.MI.SSXFF AM'),to_timestamp('29-10月-16 11.45.09.000000000 上午','DD-MON-RR HH.MI.SSXFF AM'),0,0,2);
Insert into ADMINSYSTEM.SYS_USER_PERMISSION (ID,SYS_USER_ID,SYS_PERMISSION_ID,IS_FINAL,RANK,CREATE_TIME,UPDATE_TIME,CREATE_BY,UPDATE_BY,STATUS) values (19,1,16,2,0,to_timestamp('29-10月-16 11.45.09.000000000 上午','DD-MON-RR HH.MI.SSXFF AM'),to_timestamp('29-10月-16 11.45.09.000000000 上午','DD-MON-RR HH.MI.SSXFF AM'),0,0,2);
Insert into ADMINSYSTEM.SYS_USER_PERMISSION (ID,SYS_USER_ID,SYS_PERMISSION_ID,IS_FINAL,RANK,CREATE_TIME,UPDATE_TIME,CREATE_BY,UPDATE_BY,STATUS) values (20,1,17,2,0,to_timestamp('29-10月-16 11.45.09.000000000 上午','DD-MON-RR HH.MI.SSXFF AM'),to_timestamp('29-10月-16 11.45.09.000000000 上午','DD-MON-RR HH.MI.SSXFF AM'),0,0,2);
Insert into ADMINSYSTEM.SYS_USER_PERMISSION (ID,SYS_USER_ID,SYS_PERMISSION_ID,IS_FINAL,RANK,CREATE_TIME,UPDATE_TIME,CREATE_BY,UPDATE_BY,STATUS) values (21,1,18,2,0,to_timestamp('29-10月-16 11.45.09.000000000 上午','DD-MON-RR HH.MI.SSXFF AM'),to_timestamp('29-10月-16 11.45.09.000000000 上午','DD-MON-RR HH.MI.SSXFF AM'),0,0,2);
Insert into ADMINSYSTEM.SYS_USER_PERMISSION (ID,SYS_USER_ID,SYS_PERMISSION_ID,IS_FINAL,RANK,CREATE_TIME,UPDATE_TIME,CREATE_BY,UPDATE_BY,STATUS) values (22,1,19,2,0,to_timestamp('29-10月-16 11.45.09.000000000 上午','DD-MON-RR HH.MI.SSXFF AM'),to_timestamp('29-10月-16 11.45.09.000000000 上午','DD-MON-RR HH.MI.SSXFF AM'),0,0,2);
Insert into ADMINSYSTEM.SYS_USER_PERMISSION (ID,SYS_USER_ID,SYS_PERMISSION_ID,IS_FINAL,RANK,CREATE_TIME,UPDATE_TIME,CREATE_BY,UPDATE_BY,STATUS) values (23,1,20,2,0,to_timestamp('29-10月-16 11.45.09.000000000 上午','DD-MON-RR HH.MI.SSXFF AM'),to_timestamp('29-10月-16 11.45.09.000000000 上午','DD-MON-RR HH.MI.SSXFF AM'),0,0,2);
Insert into ADMINSYSTEM.SYS_USER_PERMISSION (ID,SYS_USER_ID,SYS_PERMISSION_ID,IS_FINAL,RANK,CREATE_TIME,UPDATE_TIME,CREATE_BY,UPDATE_BY,STATUS) values (24,1,21,2,0,to_timestamp('29-10月-16 11.45.09.000000000 上午','DD-MON-RR HH.MI.SSXFF AM'),to_timestamp('29-10月-16 11.45.09.000000000 上午','DD-MON-RR HH.MI.SSXFF AM'),0,0,2);
Insert into ADMINSYSTEM.SYS_USER_PERMISSION (ID,SYS_USER_ID,SYS_PERMISSION_ID,IS_FINAL,RANK,CREATE_TIME,UPDATE_TIME,CREATE_BY,UPDATE_BY,STATUS) values (25,1,22,2,0,to_timestamp('29-10月-16 11.45.09.000000000 上午','DD-MON-RR HH.MI.SSXFF AM'),to_timestamp('29-10月-16 11.45.09.000000000 上午','DD-MON-RR HH.MI.SSXFF AM'),0,0,2);
Insert into ADMINSYSTEM.SYS_USER_PERMISSION (ID,SYS_USER_ID,SYS_PERMISSION_ID,IS_FINAL,RANK,CREATE_TIME,UPDATE_TIME,CREATE_BY,UPDATE_BY,STATUS) values (26,1,23,2,0,to_timestamp('29-10月-16 11.45.09.000000000 上午','DD-MON-RR HH.MI.SSXFF AM'),to_timestamp('29-10月-16 11.45.09.000000000 上午','DD-MON-RR HH.MI.SSXFF AM'),0,0,2);
Insert into ADMINSYSTEM.SYS_USER_PERMISSION (ID,SYS_USER_ID,SYS_PERMISSION_ID,IS_FINAL,RANK,CREATE_TIME,UPDATE_TIME,CREATE_BY,UPDATE_BY,STATUS) values (27,1,24,2,0,to_timestamp('29-10月-16 11.45.09.000000000 上午','DD-MON-RR HH.MI.SSXFF AM'),to_timestamp('29-10月-16 11.45.09.000000000 上午','DD-MON-RR HH.MI.SSXFF AM'),0,0,2);
Insert into ADMINSYSTEM.SYS_USER_PERMISSION (ID,SYS_USER_ID,SYS_PERMISSION_ID,IS_FINAL,RANK,CREATE_TIME,UPDATE_TIME,CREATE_BY,UPDATE_BY,STATUS) values (28,1,25,2,0,to_timestamp('29-10月-16 11.45.09.000000000 上午','DD-MON-RR HH.MI.SSXFF AM'),to_timestamp('29-10月-16 11.45.09.000000000 上午','DD-MON-RR HH.MI.SSXFF AM'),0,0,2);
Insert into ADMINSYSTEM.SYS_USER_PERMISSION (ID,SYS_USER_ID,SYS_PERMISSION_ID,IS_FINAL,RANK,CREATE_TIME,UPDATE_TIME,CREATE_BY,UPDATE_BY,STATUS) values (29,1,26,2,0,to_timestamp('29-10月-16 11.45.09.000000000 上午','DD-MON-RR HH.MI.SSXFF AM'),to_timestamp('29-10月-16 11.45.09.000000000 上午','DD-MON-RR HH.MI.SSXFF AM'),0,0,2);
Insert into ADMINSYSTEM.SYS_USER_PERMISSION (ID,SYS_USER_ID,SYS_PERMISSION_ID,IS_FINAL,RANK,CREATE_TIME,UPDATE_TIME,CREATE_BY,UPDATE_BY,STATUS) values (30,1,27,2,0,to_timestamp('29-10月-16 11.45.09.000000000 上午','DD-MON-RR HH.MI.SSXFF AM'),to_timestamp('29-10月-16 11.45.09.000000000 上午','DD-MON-RR HH.MI.SSXFF AM'),0,0,2);
Insert into ADMINSYSTEM.SYS_USER_PERMISSION (ID,SYS_USER_ID,SYS_PERMISSION_ID,IS_FINAL,RANK,CREATE_TIME,UPDATE_TIME,CREATE_BY,UPDATE_BY,STATUS) values (31,1,28,2,0,to_timestamp('29-10月-16 11.45.09.000000000 上午','DD-MON-RR HH.MI.SSXFF AM'),to_timestamp('29-10月-16 11.45.09.000000000 上午','DD-MON-RR HH.MI.SSXFF AM'),0,0,2);
Insert into ADMINSYSTEM.SYS_USER_PERMISSION (ID,SYS_USER_ID,SYS_PERMISSION_ID,IS_FINAL,RANK,CREATE_TIME,UPDATE_TIME,CREATE_BY,UPDATE_BY,STATUS) values (32,1,29,2,0,to_timestamp('29-10月-16 11.45.09.000000000 上午','DD-MON-RR HH.MI.SSXFF AM'),to_timestamp('29-10月-16 11.45.09.000000000 上午','DD-MON-RR HH.MI.SSXFF AM'),0,0,2);
Insert into ADMINSYSTEM.SYS_USER_PERMISSION (ID,SYS_USER_ID,SYS_PERMISSION_ID,IS_FINAL,RANK,CREATE_TIME,UPDATE_TIME,CREATE_BY,UPDATE_BY,STATUS) values (33,1,30,2,0,to_timestamp('29-10月-16 11.45.09.000000000 上午','DD-MON-RR HH.MI.SSXFF AM'),to_timestamp('29-10月-16 11.45.09.000000000 上午','DD-MON-RR HH.MI.SSXFF AM'),0,0,2);
Insert into ADMINSYSTEM.SYS_USER_PERMISSION (ID,SYS_USER_ID,SYS_PERMISSION_ID,IS_FINAL,RANK,CREATE_TIME,UPDATE_TIME,CREATE_BY,UPDATE_BY,STATUS) values (34,2,1,2,0,to_timestamp('29-10月-16 11.45.09.000000000 上午','DD-MON-RR HH.MI.SSXFF AM'),to_timestamp('29-10月-16 11.45.09.000000000 上午','DD-MON-RR HH.MI.SSXFF AM'),0,0,2);
Insert into ADMINSYSTEM.SYS_USER_PERMISSION (ID,SYS_USER_ID,SYS_PERMISSION_ID,IS_FINAL,RANK,CREATE_TIME,UPDATE_TIME,CREATE_BY,UPDATE_BY,STATUS) values (35,2,2,2,0,to_timestamp('29-10月-16 11.45.09.000000000 上午','DD-MON-RR HH.MI.SSXFF AM'),to_timestamp('29-10月-16 11.45.09.000000000 上午','DD-MON-RR HH.MI.SSXFF AM'),0,0,2);
Insert into ADMINSYSTEM.SYS_USER_PERMISSION (ID,SYS_USER_ID,SYS_PERMISSION_ID,IS_FINAL,RANK,CREATE_TIME,UPDATE_TIME,CREATE_BY,UPDATE_BY,STATUS) values (36,2,3,2,0,to_timestamp('29-10月-16 11.45.09.000000000 上午','DD-MON-RR HH.MI.SSXFF AM'),to_timestamp('29-10月-16 11.45.09.000000000 上午','DD-MON-RR HH.MI.SSXFF AM'),0,0,2);
Insert into ADMINSYSTEM.SYS_USER_PERMISSION (ID,SYS_USER_ID,SYS_PERMISSION_ID,IS_FINAL,RANK,CREATE_TIME,UPDATE_TIME,CREATE_BY,UPDATE_BY,STATUS) values (37,2,4,2,0,to_timestamp('29-10月-16 11.45.09.000000000 上午','DD-MON-RR HH.MI.SSXFF AM'),to_timestamp('29-10月-16 11.45.09.000000000 上午','DD-MON-RR HH.MI.SSXFF AM'),0,0,2);
Insert into ADMINSYSTEM.SYS_USER_PERMISSION (ID,SYS_USER_ID,SYS_PERMISSION_ID,IS_FINAL,RANK,CREATE_TIME,UPDATE_TIME,CREATE_BY,UPDATE_BY,STATUS) values (38,2,5,2,0,to_timestamp('29-10月-16 11.45.09.000000000 上午','DD-MON-RR HH.MI.SSXFF AM'),to_timestamp('29-10月-16 11.45.09.000000000 上午','DD-MON-RR HH.MI.SSXFF AM'),0,0,2);
Insert into ADMINSYSTEM.SYS_USER_PERMISSION (ID,SYS_USER_ID,SYS_PERMISSION_ID,IS_FINAL,RANK,CREATE_TIME,UPDATE_TIME,CREATE_BY,UPDATE_BY,STATUS) values (39,2,31,2,0,to_timestamp('29-10月-16 11.45.09.000000000 上午','DD-MON-RR HH.MI.SSXFF AM'),to_timestamp('29-10月-16 11.45.09.000000000 上午','DD-MON-RR HH.MI.SSXFF AM'),0,0,2);
Insert into ADMINSYSTEM.SYS_USER_PERMISSION (ID,SYS_USER_ID,SYS_PERMISSION_ID,IS_FINAL,RANK,CREATE_TIME,UPDATE_TIME,CREATE_BY,UPDATE_BY,STATUS) values (40,2,32,2,0,to_timestamp('29-10月-16 11.45.09.000000000 上午','DD-MON-RR HH.MI.SSXFF AM'),to_timestamp('29-10月-16 11.45.09.000000000 上午','DD-MON-RR HH.MI.SSXFF AM'),0,0,2);
Insert into ADMINSYSTEM.SYS_USER_PERMISSION (ID,SYS_USER_ID,SYS_PERMISSION_ID,IS_FINAL,RANK,CREATE_TIME,UPDATE_TIME,CREATE_BY,UPDATE_BY,STATUS) values (41,2,33,2,0,to_timestamp('29-10月-16 11.45.09.000000000 上午','DD-MON-RR HH.MI.SSXFF AM'),to_timestamp('29-10月-16 11.45.09.000000000 上午','DD-MON-RR HH.MI.SSXFF AM'),0,0,2);
Insert into ADMINSYSTEM.SYS_USER_PERMISSION (ID,SYS_USER_ID,SYS_PERMISSION_ID,IS_FINAL,RANK,CREATE_TIME,UPDATE_TIME,CREATE_BY,UPDATE_BY,STATUS) values (42,2,6,2,0,to_timestamp('29-10月-16 11.45.09.000000000 上午','DD-MON-RR HH.MI.SSXFF AM'),to_timestamp('29-10月-16 11.45.09.000000000 上午','DD-MON-RR HH.MI.SSXFF AM'),0,0,2);
Insert into ADMINSYSTEM.SYS_USER_PERMISSION (ID,SYS_USER_ID,SYS_PERMISSION_ID,IS_FINAL,RANK,CREATE_TIME,UPDATE_TIME,CREATE_BY,UPDATE_BY,STATUS) values (43,2,7,2,0,to_timestamp('29-10月-16 11.45.09.000000000 上午','DD-MON-RR HH.MI.SSXFF AM'),to_timestamp('29-10月-16 11.45.09.000000000 上午','DD-MON-RR HH.MI.SSXFF AM'),0,0,2);
Insert into ADMINSYSTEM.SYS_USER_PERMISSION (ID,SYS_USER_ID,SYS_PERMISSION_ID,IS_FINAL,RANK,CREATE_TIME,UPDATE_TIME,CREATE_BY,UPDATE_BY,STATUS) values (44,2,8,2,0,to_timestamp('29-10月-16 11.45.09.000000000 上午','DD-MON-RR HH.MI.SSXFF AM'),to_timestamp('29-10月-16 11.45.09.000000000 上午','DD-MON-RR HH.MI.SSXFF AM'),0,0,2);
Insert into ADMINSYSTEM.SYS_USER_PERMISSION (ID,SYS_USER_ID,SYS_PERMISSION_ID,IS_FINAL,RANK,CREATE_TIME,UPDATE_TIME,CREATE_BY,UPDATE_BY,STATUS) values (45,2,9,2,0,to_timestamp('29-10月-16 11.45.09.000000000 上午','DD-MON-RR HH.MI.SSXFF AM'),to_timestamp('29-10月-16 11.45.09.000000000 上午','DD-MON-RR HH.MI.SSXFF AM'),0,0,2);
Insert into ADMINSYSTEM.SYS_USER_PERMISSION (ID,SYS_USER_ID,SYS_PERMISSION_ID,IS_FINAL,RANK,CREATE_TIME,UPDATE_TIME,CREATE_BY,UPDATE_BY,STATUS) values (46,2,10,2,0,to_timestamp('29-10月-16 11.45.09.000000000 上午','DD-MON-RR HH.MI.SSXFF AM'),to_timestamp('29-10月-16 11.45.09.000000000 上午','DD-MON-RR HH.MI.SSXFF AM'),0,0,2);
Insert into ADMINSYSTEM.SYS_USER_PERMISSION (ID,SYS_USER_ID,SYS_PERMISSION_ID,IS_FINAL,RANK,CREATE_TIME,UPDATE_TIME,CREATE_BY,UPDATE_BY,STATUS) values (47,2,11,2,0,to_timestamp('29-10月-16 11.45.09.000000000 上午','DD-MON-RR HH.MI.SSXFF AM'),to_timestamp('29-10月-16 11.45.09.000000000 上午','DD-MON-RR HH.MI.SSXFF AM'),0,0,2);
Insert into ADMINSYSTEM.SYS_USER_PERMISSION (ID,SYS_USER_ID,SYS_PERMISSION_ID,IS_FINAL,RANK,CREATE_TIME,UPDATE_TIME,CREATE_BY,UPDATE_BY,STATUS) values (48,2,12,2,0,to_timestamp('29-10月-16 11.45.09.000000000 上午','DD-MON-RR HH.MI.SSXFF AM'),to_timestamp('29-10月-16 11.45.09.000000000 上午','DD-MON-RR HH.MI.SSXFF AM'),0,0,2);
Insert into ADMINSYSTEM.SYS_USER_PERMISSION (ID,SYS_USER_ID,SYS_PERMISSION_ID,IS_FINAL,RANK,CREATE_TIME,UPDATE_TIME,CREATE_BY,UPDATE_BY,STATUS) values (49,2,13,2,0,to_timestamp('29-10月-16 11.45.09.000000000 上午','DD-MON-RR HH.MI.SSXFF AM'),to_timestamp('29-10月-16 11.45.09.000000000 上午','DD-MON-RR HH.MI.SSXFF AM'),0,0,2);
Insert into ADMINSYSTEM.SYS_USER_PERMISSION (ID,SYS_USER_ID,SYS_PERMISSION_ID,IS_FINAL,RANK,CREATE_TIME,UPDATE_TIME,CREATE_BY,UPDATE_BY,STATUS) values (50,2,14,2,0,to_timestamp('29-10月-16 11.45.09.000000000 上午','DD-MON-RR HH.MI.SSXFF AM'),to_timestamp('29-10月-16 11.45.09.000000000 上午','DD-MON-RR HH.MI.SSXFF AM'),0,0,2);
Insert into ADMINSYSTEM.SYS_USER_PERMISSION (ID,SYS_USER_ID,SYS_PERMISSION_ID,IS_FINAL,RANK,CREATE_TIME,UPDATE_TIME,CREATE_BY,UPDATE_BY,STATUS) values (51,2,15,2,0,to_timestamp('29-10月-16 11.45.09.000000000 上午','DD-MON-RR HH.MI.SSXFF AM'),to_timestamp('29-10月-16 11.45.09.000000000 上午','DD-MON-RR HH.MI.SSXFF AM'),0,0,2);
Insert into ADMINSYSTEM.SYS_USER_PERMISSION (ID,SYS_USER_ID,SYS_PERMISSION_ID,IS_FINAL,RANK,CREATE_TIME,UPDATE_TIME,CREATE_BY,UPDATE_BY,STATUS) values (52,2,16,2,0,to_timestamp('29-10月-16 11.45.09.000000000 上午','DD-MON-RR HH.MI.SSXFF AM'),to_timestamp('29-10月-16 11.45.09.000000000 上午','DD-MON-RR HH.MI.SSXFF AM'),0,0,2);
Insert into ADMINSYSTEM.SYS_USER_PERMISSION (ID,SYS_USER_ID,SYS_PERMISSION_ID,IS_FINAL,RANK,CREATE_TIME,UPDATE_TIME,CREATE_BY,UPDATE_BY,STATUS) values (53,2,17,2,0,to_timestamp('29-10月-16 11.45.09.000000000 上午','DD-MON-RR HH.MI.SSXFF AM'),to_timestamp('29-10月-16 11.45.09.000000000 上午','DD-MON-RR HH.MI.SSXFF AM'),0,0,2);
Insert into ADMINSYSTEM.SYS_USER_PERMISSION (ID,SYS_USER_ID,SYS_PERMISSION_ID,IS_FINAL,RANK,CREATE_TIME,UPDATE_TIME,CREATE_BY,UPDATE_BY,STATUS) values (54,2,18,2,0,to_timestamp('29-10月-16 11.45.09.000000000 上午','DD-MON-RR HH.MI.SSXFF AM'),to_timestamp('29-10月-16 11.45.09.000000000 上午','DD-MON-RR HH.MI.SSXFF AM'),0,0,2);
Insert into ADMINSYSTEM.SYS_USER_PERMISSION (ID,SYS_USER_ID,SYS_PERMISSION_ID,IS_FINAL,RANK,CREATE_TIME,UPDATE_TIME,CREATE_BY,UPDATE_BY,STATUS) values (55,2,19,2,0,to_timestamp('29-10月-16 11.45.09.000000000 上午','DD-MON-RR HH.MI.SSXFF AM'),to_timestamp('29-10月-16 11.45.09.000000000 上午','DD-MON-RR HH.MI.SSXFF AM'),0,0,2);
Insert into ADMINSYSTEM.SYS_USER_PERMISSION (ID,SYS_USER_ID,SYS_PERMISSION_ID,IS_FINAL,RANK,CREATE_TIME,UPDATE_TIME,CREATE_BY,UPDATE_BY,STATUS) values (56,2,20,2,0,to_timestamp('29-10月-16 11.45.09.000000000 上午','DD-MON-RR HH.MI.SSXFF AM'),to_timestamp('29-10月-16 11.45.09.000000000 上午','DD-MON-RR HH.MI.SSXFF AM'),0,0,2);
Insert into ADMINSYSTEM.SYS_USER_PERMISSION (ID,SYS_USER_ID,SYS_PERMISSION_ID,IS_FINAL,RANK,CREATE_TIME,UPDATE_TIME,CREATE_BY,UPDATE_BY,STATUS) values (57,2,21,2,0,to_timestamp('29-10月-16 11.45.09.000000000 上午','DD-MON-RR HH.MI.SSXFF AM'),to_timestamp('29-10月-16 11.45.09.000000000 上午','DD-MON-RR HH.MI.SSXFF AM'),0,0,2);
Insert into ADMINSYSTEM.SYS_USER_PERMISSION (ID,SYS_USER_ID,SYS_PERMISSION_ID,IS_FINAL,RANK,CREATE_TIME,UPDATE_TIME,CREATE_BY,UPDATE_BY,STATUS) values (58,2,22,2,0,to_timestamp('29-10月-16 11.45.09.000000000 上午','DD-MON-RR HH.MI.SSXFF AM'),to_timestamp('29-10月-16 11.45.09.000000000 上午','DD-MON-RR HH.MI.SSXFF AM'),0,0,2);
Insert into ADMINSYSTEM.SYS_USER_PERMISSION (ID,SYS_USER_ID,SYS_PERMISSION_ID,IS_FINAL,RANK,CREATE_TIME,UPDATE_TIME,CREATE_BY,UPDATE_BY,STATUS) values (59,2,23,2,0,to_timestamp('29-10月-16 11.45.09.000000000 上午','DD-MON-RR HH.MI.SSXFF AM'),to_timestamp('29-10月-16 11.45.09.000000000 上午','DD-MON-RR HH.MI.SSXFF AM'),0,0,2);
Insert into ADMINSYSTEM.SYS_USER_PERMISSION (ID,SYS_USER_ID,SYS_PERMISSION_ID,IS_FINAL,RANK,CREATE_TIME,UPDATE_TIME,CREATE_BY,UPDATE_BY,STATUS) values (60,2,24,2,0,to_timestamp('29-10月-16 11.45.09.000000000 上午','DD-MON-RR HH.MI.SSXFF AM'),to_timestamp('29-10月-16 11.45.09.000000000 上午','DD-MON-RR HH.MI.SSXFF AM'),0,0,2);
Insert into ADMINSYSTEM.SYS_USER_PERMISSION (ID,SYS_USER_ID,SYS_PERMISSION_ID,IS_FINAL,RANK,CREATE_TIME,UPDATE_TIME,CREATE_BY,UPDATE_BY,STATUS) values (61,2,25,2,0,to_timestamp('29-10月-16 11.45.09.000000000 上午','DD-MON-RR HH.MI.SSXFF AM'),to_timestamp('29-10月-16 11.45.09.000000000 上午','DD-MON-RR HH.MI.SSXFF AM'),0,0,2);
Insert into ADMINSYSTEM.SYS_USER_PERMISSION (ID,SYS_USER_ID,SYS_PERMISSION_ID,IS_FINAL,RANK,CREATE_TIME,UPDATE_TIME,CREATE_BY,UPDATE_BY,STATUS) values (62,2,26,2,0,to_timestamp('29-10月-16 11.45.09.000000000 上午','DD-MON-RR HH.MI.SSXFF AM'),to_timestamp('29-10月-16 11.45.09.000000000 上午','DD-MON-RR HH.MI.SSXFF AM'),0,0,2);
Insert into ADMINSYSTEM.SYS_USER_PERMISSION (ID,SYS_USER_ID,SYS_PERMISSION_ID,IS_FINAL,RANK,CREATE_TIME,UPDATE_TIME,CREATE_BY,UPDATE_BY,STATUS) values (63,2,27,2,0,to_timestamp('29-10月-16 11.45.09.000000000 上午','DD-MON-RR HH.MI.SSXFF AM'),to_timestamp('29-10月-16 11.45.09.000000000 上午','DD-MON-RR HH.MI.SSXFF AM'),0,0,2);
Insert into ADMINSYSTEM.SYS_USER_PERMISSION (ID,SYS_USER_ID,SYS_PERMISSION_ID,IS_FINAL,RANK,CREATE_TIME,UPDATE_TIME,CREATE_BY,UPDATE_BY,STATUS) values (64,2,28,2,0,to_timestamp('29-10月-16 11.45.09.000000000 上午','DD-MON-RR HH.MI.SSXFF AM'),to_timestamp('29-10月-16 11.45.09.000000000 上午','DD-MON-RR HH.MI.SSXFF AM'),0,0,2);
Insert into ADMINSYSTEM.SYS_USER_PERMISSION (ID,SYS_USER_ID,SYS_PERMISSION_ID,IS_FINAL,RANK,CREATE_TIME,UPDATE_TIME,CREATE_BY,UPDATE_BY,STATUS) values (65,2,29,2,0,to_timestamp('29-10月-16 11.45.09.000000000 上午','DD-MON-RR HH.MI.SSXFF AM'),to_timestamp('29-10月-16 11.45.09.000000000 上午','DD-MON-RR HH.MI.SSXFF AM'),0,0,2);
Insert into ADMINSYSTEM.SYS_USER_PERMISSION (ID,SYS_USER_ID,SYS_PERMISSION_ID,IS_FINAL,RANK,CREATE_TIME,UPDATE_TIME,CREATE_BY,UPDATE_BY,STATUS) values (66,2,30,2,0,to_timestamp('29-10月-16 11.45.09.000000000 上午','DD-MON-RR HH.MI.SSXFF AM'),to_timestamp('29-10月-16 11.45.09.000000000 上午','DD-MON-RR HH.MI.SSXFF AM'),0,0,2);
Insert into ADMINSYSTEM.SYS_USER_PERMISSION (ID,SYS_USER_ID,SYS_PERMISSION_ID,IS_FINAL,RANK,CREATE_TIME,UPDATE_TIME,CREATE_BY,UPDATE_BY,STATUS) values (67,1,1,2,0,to_timestamp('29-10月-16 11.45.09.000000000 上午','DD-MON-RR HH.MI.SSXFF AM'),to_timestamp('29-10月-16 11.45.09.000000000 上午','DD-MON-RR HH.MI.SSXFF AM'),0,0,2);
Insert into ADMINSYSTEM.SYS_USER_PERMISSION (ID,SYS_USER_ID,SYS_PERMISSION_ID,IS_FINAL,RANK,CREATE_TIME,UPDATE_TIME,CREATE_BY,UPDATE_BY,STATUS) values (68,1,2,2,0,to_timestamp('29-10月-16 11.45.09.000000000 上午','DD-MON-RR HH.MI.SSXFF AM'),to_timestamp('29-10月-16 11.45.09.000000000 上午','DD-MON-RR HH.MI.SSXFF AM'),0,0,2);
Insert into ADMINSYSTEM.SYS_USER_PERMISSION (ID,SYS_USER_ID,SYS_PERMISSION_ID,IS_FINAL,RANK,CREATE_TIME,UPDATE_TIME,CREATE_BY,UPDATE_BY,STATUS) values (69,1,3,2,0,to_timestamp('29-10月-16 11.45.09.000000000 上午','DD-MON-RR HH.MI.SSXFF AM'),to_timestamp('29-10月-16 11.45.09.000000000 上午','DD-MON-RR HH.MI.SSXFF AM'),0,0,2);
Insert into ADMINSYSTEM.SYS_USER_PERMISSION (ID,SYS_USER_ID,SYS_PERMISSION_ID,IS_FINAL,RANK,CREATE_TIME,UPDATE_TIME,CREATE_BY,UPDATE_BY,STATUS) values (70,1,4,2,0,to_timestamp('29-10月-16 11.45.09.000000000 上午','DD-MON-RR HH.MI.SSXFF AM'),to_timestamp('29-10月-16 11.45.09.000000000 上午','DD-MON-RR HH.MI.SSXFF AM'),0,0,2);
Insert into ADMINSYSTEM.SYS_USER_PERMISSION (ID,SYS_USER_ID,SYS_PERMISSION_ID,IS_FINAL,RANK,CREATE_TIME,UPDATE_TIME,CREATE_BY,UPDATE_BY,STATUS) values (71,1,5,2,0,to_timestamp('29-10月-16 11.45.09.000000000 上午','DD-MON-RR HH.MI.SSXFF AM'),to_timestamp('29-10月-16 11.45.09.000000000 上午','DD-MON-RR HH.MI.SSXFF AM'),0,0,2);
Insert into ADMINSYSTEM.SYS_USER_PERMISSION (ID,SYS_USER_ID,SYS_PERMISSION_ID,IS_FINAL,RANK,CREATE_TIME,UPDATE_TIME,CREATE_BY,UPDATE_BY,STATUS) values (72,1,31,2,0,to_timestamp('29-10月-16 11.45.09.000000000 上午','DD-MON-RR HH.MI.SSXFF AM'),to_timestamp('29-10月-16 11.45.09.000000000 上午','DD-MON-RR HH.MI.SSXFF AM'),0,0,2);
Insert into ADMINSYSTEM.SYS_USER_PERMISSION (ID,SYS_USER_ID,SYS_PERMISSION_ID,IS_FINAL,RANK,CREATE_TIME,UPDATE_TIME,CREATE_BY,UPDATE_BY,STATUS) values (73,1,32,2,0,to_timestamp('29-10月-16 11.45.09.000000000 上午','DD-MON-RR HH.MI.SSXFF AM'),to_timestamp('29-10月-16 11.45.09.000000000 上午','DD-MON-RR HH.MI.SSXFF AM'),0,0,2);
Insert into ADMINSYSTEM.SYS_USER_PERMISSION (ID,SYS_USER_ID,SYS_PERMISSION_ID,IS_FINAL,RANK,CREATE_TIME,UPDATE_TIME,CREATE_BY,UPDATE_BY,STATUS) values (74,1,33,2,0,to_timestamp('29-10月-16 11.45.09.000000000 上午','DD-MON-RR HH.MI.SSXFF AM'),to_timestamp('29-10月-16 11.45.09.000000000 上午','DD-MON-RR HH.MI.SSXFF AM'),0,0,2);
Insert into ADMINSYSTEM.SYS_USER_PERMISSION (ID,SYS_USER_ID,SYS_PERMISSION_ID,IS_FINAL,RANK,CREATE_TIME,UPDATE_TIME,CREATE_BY,UPDATE_BY,STATUS) values (75,1,6,2,0,to_timestamp('29-10月-16 11.45.09.000000000 上午','DD-MON-RR HH.MI.SSXFF AM'),to_timestamp('29-10月-16 11.45.09.000000000 上午','DD-MON-RR HH.MI.SSXFF AM'),0,0,2);
Insert into ADMINSYSTEM.SYS_USER_PERMISSION (ID,SYS_USER_ID,SYS_PERMISSION_ID,IS_FINAL,RANK,CREATE_TIME,UPDATE_TIME,CREATE_BY,UPDATE_BY,STATUS) values (76,1,7,2,0,to_timestamp('29-10月-16 11.45.09.000000000 上午','DD-MON-RR HH.MI.SSXFF AM'),to_timestamp('29-10月-16 11.45.09.000000000 上午','DD-MON-RR HH.MI.SSXFF AM'),0,0,2);
Insert into ADMINSYSTEM.SYS_USER_PERMISSION (ID,SYS_USER_ID,SYS_PERMISSION_ID,IS_FINAL,RANK,CREATE_TIME,UPDATE_TIME,CREATE_BY,UPDATE_BY,STATUS) values (77,1,8,2,0,to_timestamp('29-10月-16 11.45.09.000000000 上午','DD-MON-RR HH.MI.SSXFF AM'),to_timestamp('29-10月-16 11.45.09.000000000 上午','DD-MON-RR HH.MI.SSXFF AM'),0,0,2);
Insert into ADMINSYSTEM.SYS_USER_PERMISSION (ID,SYS_USER_ID,SYS_PERMISSION_ID,IS_FINAL,RANK,CREATE_TIME,UPDATE_TIME,CREATE_BY,UPDATE_BY,STATUS) values (78,1,9,2,0,to_timestamp('29-10月-16 11.45.09.000000000 上午','DD-MON-RR HH.MI.SSXFF AM'),to_timestamp('29-10月-16 11.45.09.000000000 上午','DD-MON-RR HH.MI.SSXFF AM'),0,0,2);
Insert into ADMINSYSTEM.SYS_USER_PERMISSION (ID,SYS_USER_ID,SYS_PERMISSION_ID,IS_FINAL,RANK,CREATE_TIME,UPDATE_TIME,CREATE_BY,UPDATE_BY,STATUS) values (79,1,10,2,0,to_timestamp('29-10月-16 11.45.09.000000000 上午','DD-MON-RR HH.MI.SSXFF AM'),to_timestamp('29-10月-16 11.45.09.000000000 上午','DD-MON-RR HH.MI.SSXFF AM'),0,0,2);
Insert into ADMINSYSTEM.SYS_USER_PERMISSION (ID,SYS_USER_ID,SYS_PERMISSION_ID,IS_FINAL,RANK,CREATE_TIME,UPDATE_TIME,CREATE_BY,UPDATE_BY,STATUS) values (80,1,11,2,0,to_timestamp('29-10月-16 11.45.09.000000000 上午','DD-MON-RR HH.MI.SSXFF AM'),to_timestamp('29-10月-16 11.45.09.000000000 上午','DD-MON-RR HH.MI.SSXFF AM'),0,0,2);
Insert into ADMINSYSTEM.SYS_USER_PERMISSION (ID,SYS_USER_ID,SYS_PERMISSION_ID,IS_FINAL,RANK,CREATE_TIME,UPDATE_TIME,CREATE_BY,UPDATE_BY,STATUS) values (81,1,12,2,0,to_timestamp('29-10月-16 11.45.09.000000000 上午','DD-MON-RR HH.MI.SSXFF AM'),to_timestamp('29-10月-16 11.45.09.000000000 上午','DD-MON-RR HH.MI.SSXFF AM'),0,0,2);
Insert into ADMINSYSTEM.SYS_USER_PERMISSION (ID,SYS_USER_ID,SYS_PERMISSION_ID,IS_FINAL,RANK,CREATE_TIME,UPDATE_TIME,CREATE_BY,UPDATE_BY,STATUS) values (82,1,13,2,0,to_timestamp('29-10月-16 11.45.09.000000000 上午','DD-MON-RR HH.MI.SSXFF AM'),to_timestamp('29-10月-16 11.45.09.000000000 上午','DD-MON-RR HH.MI.SSXFF AM'),0,0,2);
Insert into ADMINSYSTEM.SYS_USER_PERMISSION (ID,SYS_USER_ID,SYS_PERMISSION_ID,IS_FINAL,RANK,CREATE_TIME,UPDATE_TIME,CREATE_BY,UPDATE_BY,STATUS) values (83,1,14,2,0,to_timestamp('29-10月-16 11.45.09.000000000 上午','DD-MON-RR HH.MI.SSXFF AM'),to_timestamp('29-10月-16 11.45.09.000000000 上午','DD-MON-RR HH.MI.SSXFF AM'),0,0,2);
Insert into ADMINSYSTEM.SYS_USER_PERMISSION (ID,SYS_USER_ID,SYS_PERMISSION_ID,IS_FINAL,RANK,CREATE_TIME,UPDATE_TIME,CREATE_BY,UPDATE_BY,STATUS) values (84,1,15,2,0,to_timestamp('29-10月-16 11.45.09.000000000 上午','DD-MON-RR HH.MI.SSXFF AM'),to_timestamp('29-10月-16 11.45.09.000000000 上午','DD-MON-RR HH.MI.SSXFF AM'),0,0,2);
Insert into ADMINSYSTEM.SYS_USER_PERMISSION (ID,SYS_USER_ID,SYS_PERMISSION_ID,IS_FINAL,RANK,CREATE_TIME,UPDATE_TIME,CREATE_BY,UPDATE_BY,STATUS) values (85,1,16,2,0,to_timestamp('29-10月-16 11.45.09.000000000 上午','DD-MON-RR HH.MI.SSXFF AM'),to_timestamp('29-10月-16 11.45.09.000000000 上午','DD-MON-RR HH.MI.SSXFF AM'),0,0,2);
Insert into ADMINSYSTEM.SYS_USER_PERMISSION (ID,SYS_USER_ID,SYS_PERMISSION_ID,IS_FINAL,RANK,CREATE_TIME,UPDATE_TIME,CREATE_BY,UPDATE_BY,STATUS) values (86,1,17,2,0,to_timestamp('29-10月-16 11.45.09.000000000 上午','DD-MON-RR HH.MI.SSXFF AM'),to_timestamp('29-10月-16 11.45.09.000000000 上午','DD-MON-RR HH.MI.SSXFF AM'),0,0,2);
Insert into ADMINSYSTEM.SYS_USER_PERMISSION (ID,SYS_USER_ID,SYS_PERMISSION_ID,IS_FINAL,RANK,CREATE_TIME,UPDATE_TIME,CREATE_BY,UPDATE_BY,STATUS) values (87,1,18,2,0,to_timestamp('29-10月-16 11.45.09.000000000 上午','DD-MON-RR HH.MI.SSXFF AM'),to_timestamp('29-10月-16 11.45.09.000000000 上午','DD-MON-RR HH.MI.SSXFF AM'),0,0,2);
Insert into ADMINSYSTEM.SYS_USER_PERMISSION (ID,SYS_USER_ID,SYS_PERMISSION_ID,IS_FINAL,RANK,CREATE_TIME,UPDATE_TIME,CREATE_BY,UPDATE_BY,STATUS) values (88,1,19,2,0,to_timestamp('29-10月-16 11.45.09.000000000 上午','DD-MON-RR HH.MI.SSXFF AM'),to_timestamp('29-10月-16 11.45.09.000000000 上午','DD-MON-RR HH.MI.SSXFF AM'),0,0,2);
Insert into ADMINSYSTEM.SYS_USER_PERMISSION (ID,SYS_USER_ID,SYS_PERMISSION_ID,IS_FINAL,RANK,CREATE_TIME,UPDATE_TIME,CREATE_BY,UPDATE_BY,STATUS) values (89,1,20,2,0,to_timestamp('29-10月-16 11.45.09.000000000 上午','DD-MON-RR HH.MI.SSXFF AM'),to_timestamp('29-10月-16 11.45.09.000000000 上午','DD-MON-RR HH.MI.SSXFF AM'),0,0,2);
Insert into ADMINSYSTEM.SYS_USER_PERMISSION (ID,SYS_USER_ID,SYS_PERMISSION_ID,IS_FINAL,RANK,CREATE_TIME,UPDATE_TIME,CREATE_BY,UPDATE_BY,STATUS) values (90,1,21,2,0,to_timestamp('29-10月-16 11.45.09.000000000 上午','DD-MON-RR HH.MI.SSXFF AM'),to_timestamp('29-10月-16 11.45.09.000000000 上午','DD-MON-RR HH.MI.SSXFF AM'),0,0,2);
Insert into ADMINSYSTEM.SYS_USER_PERMISSION (ID,SYS_USER_ID,SYS_PERMISSION_ID,IS_FINAL,RANK,CREATE_TIME,UPDATE_TIME,CREATE_BY,UPDATE_BY,STATUS) values (91,1,22,2,0,to_timestamp('29-10月-16 11.45.09.000000000 上午','DD-MON-RR HH.MI.SSXFF AM'),to_timestamp('29-10月-16 11.45.09.000000000 上午','DD-MON-RR HH.MI.SSXFF AM'),0,0,2);
Insert into ADMINSYSTEM.SYS_USER_PERMISSION (ID,SYS_USER_ID,SYS_PERMISSION_ID,IS_FINAL,RANK,CREATE_TIME,UPDATE_TIME,CREATE_BY,UPDATE_BY,STATUS) values (92,1,23,2,0,to_timestamp('29-10月-16 11.45.09.000000000 上午','DD-MON-RR HH.MI.SSXFF AM'),to_timestamp('29-10月-16 11.45.09.000000000 上午','DD-MON-RR HH.MI.SSXFF AM'),0,0,2);
Insert into ADMINSYSTEM.SYS_USER_PERMISSION (ID,SYS_USER_ID,SYS_PERMISSION_ID,IS_FINAL,RANK,CREATE_TIME,UPDATE_TIME,CREATE_BY,UPDATE_BY,STATUS) values (93,1,24,2,0,to_timestamp('29-10月-16 11.45.09.000000000 上午','DD-MON-RR HH.MI.SSXFF AM'),to_timestamp('29-10月-16 11.45.09.000000000 上午','DD-MON-RR HH.MI.SSXFF AM'),0,0,2);
Insert into ADMINSYSTEM.SYS_USER_PERMISSION (ID,SYS_USER_ID,SYS_PERMISSION_ID,IS_FINAL,RANK,CREATE_TIME,UPDATE_TIME,CREATE_BY,UPDATE_BY,STATUS) values (94,1,25,2,0,to_timestamp('29-10月-16 11.45.09.000000000 上午','DD-MON-RR HH.MI.SSXFF AM'),to_timestamp('29-10月-16 11.45.09.000000000 上午','DD-MON-RR HH.MI.SSXFF AM'),0,0,2);
Insert into ADMINSYSTEM.SYS_USER_PERMISSION (ID,SYS_USER_ID,SYS_PERMISSION_ID,IS_FINAL,RANK,CREATE_TIME,UPDATE_TIME,CREATE_BY,UPDATE_BY,STATUS) values (95,1,26,2,0,to_timestamp('29-10月-16 11.45.09.000000000 上午','DD-MON-RR HH.MI.SSXFF AM'),to_timestamp('29-10月-16 11.45.09.000000000 上午','DD-MON-RR HH.MI.SSXFF AM'),0,0,2);
Insert into ADMINSYSTEM.SYS_USER_PERMISSION (ID,SYS_USER_ID,SYS_PERMISSION_ID,IS_FINAL,RANK,CREATE_TIME,UPDATE_TIME,CREATE_BY,UPDATE_BY,STATUS) values (96,1,27,2,0,to_timestamp('29-10月-16 11.45.09.000000000 上午','DD-MON-RR HH.MI.SSXFF AM'),to_timestamp('29-10月-16 11.45.09.000000000 上午','DD-MON-RR HH.MI.SSXFF AM'),0,0,2);
Insert into ADMINSYSTEM.SYS_USER_PERMISSION (ID,SYS_USER_ID,SYS_PERMISSION_ID,IS_FINAL,RANK,CREATE_TIME,UPDATE_TIME,CREATE_BY,UPDATE_BY,STATUS) values (97,1,28,2,0,to_timestamp('29-10月-16 11.45.09.000000000 上午','DD-MON-RR HH.MI.SSXFF AM'),to_timestamp('29-10月-16 11.45.09.000000000 上午','DD-MON-RR HH.MI.SSXFF AM'),0,0,2);
Insert into ADMINSYSTEM.SYS_USER_PERMISSION (ID,SYS_USER_ID,SYS_PERMISSION_ID,IS_FINAL,RANK,CREATE_TIME,UPDATE_TIME,CREATE_BY,UPDATE_BY,STATUS) values (98,1,29,2,0,to_timestamp('29-10月-16 11.45.09.000000000 上午','DD-MON-RR HH.MI.SSXFF AM'),to_timestamp('29-10月-16 11.45.09.000000000 上午','DD-MON-RR HH.MI.SSXFF AM'),0,0,2);
Insert into ADMINSYSTEM.SYS_USER_PERMISSION (ID,SYS_USER_ID,SYS_PERMISSION_ID,IS_FINAL,RANK,CREATE_TIME,UPDATE_TIME,CREATE_BY,UPDATE_BY,STATUS) values (99,1,30,2,0,to_timestamp('29-10月-16 11.45.09.000000000 上午','DD-MON-RR HH.MI.SSXFF AM'),to_timestamp('29-10月-16 11.45.09.000000000 上午','DD-MON-RR HH.MI.SSXFF AM'),0,0,2);
Insert into ADMINSYSTEM.SYS_USER_PERMISSION (ID,SYS_USER_ID,SYS_PERMISSION_ID,IS_FINAL,RANK,CREATE_TIME,UPDATE_TIME,CREATE_BY,UPDATE_BY,STATUS) values (100,1,35,2,0,to_timestamp('29-10月-16 11.45.09.000000000 上午','DD-MON-RR HH.MI.SSXFF AM'),to_timestamp('29-10月-16 11.45.09.000000000 上午','DD-MON-RR HH.MI.SSXFF AM'),0,0,2);
Insert into ADMINSYSTEM.SYS_USER_PERMISSION (ID,SYS_USER_ID,SYS_PERMISSION_ID,IS_FINAL,RANK,CREATE_TIME,UPDATE_TIME,CREATE_BY,UPDATE_BY,STATUS) values (101,1,36,2,0,to_timestamp('29-10月-16 11.45.09.000000000 上午','DD-MON-RR HH.MI.SSXFF AM'),to_timestamp('29-10月-16 11.45.09.000000000 上午','DD-MON-RR HH.MI.SSXFF AM'),0,0,2);
Insert into ADMINSYSTEM.SYS_USER_PERMISSION (ID,SYS_USER_ID,SYS_PERMISSION_ID,IS_FINAL,RANK,CREATE_TIME,UPDATE_TIME,CREATE_BY,UPDATE_BY,STATUS) values (102,1,37,2,0,to_timestamp('29-10月-16 11.45.09.000000000 上午','DD-MON-RR HH.MI.SSXFF AM'),to_timestamp('29-10月-16 11.45.09.000000000 上午','DD-MON-RR HH.MI.SSXFF AM'),0,0,2);
Insert into ADMINSYSTEM.SYS_USER_PERMISSION (ID,SYS_USER_ID,SYS_PERMISSION_ID,IS_FINAL,RANK,CREATE_TIME,UPDATE_TIME,CREATE_BY,UPDATE_BY,STATUS) values (103,1,38,2,0,to_timestamp('29-10月-16 11.45.09.000000000 上午','DD-MON-RR HH.MI.SSXFF AM'),to_timestamp('29-10月-16 11.45.09.000000000 上午','DD-MON-RR HH.MI.SSXFF AM'),0,0,2);
Insert into ADMINSYSTEM.SYS_USER_PERMISSION (ID,SYS_USER_ID,SYS_PERMISSION_ID,IS_FINAL,RANK,CREATE_TIME,UPDATE_TIME,CREATE_BY,UPDATE_BY,STATUS) values (104,1,44,2,0,to_timestamp('29-10月-16 11.45.09.000000000 上午','DD-MON-RR HH.MI.SSXFF AM'),to_timestamp('29-10月-16 11.45.09.000000000 上午','DD-MON-RR HH.MI.SSXFF AM'),0,0,2);
Insert into ADMINSYSTEM.SYS_USER_PERMISSION (ID,SYS_USER_ID,SYS_PERMISSION_ID,IS_FINAL,RANK,CREATE_TIME,UPDATE_TIME,CREATE_BY,UPDATE_BY,STATUS) values (105,1,45,2,0,to_timestamp('29-10月-16 11.45.09.000000000 上午','DD-MON-RR HH.MI.SSXFF AM'),to_timestamp('29-10月-16 11.45.09.000000000 上午','DD-MON-RR HH.MI.SSXFF AM'),0,0,2);
Insert into ADMINSYSTEM.SYS_USER_PERMISSION (ID,SYS_USER_ID,SYS_PERMISSION_ID,IS_FINAL,RANK,CREATE_TIME,UPDATE_TIME,CREATE_BY,UPDATE_BY,STATUS) values (106,1,34,2,0,to_timestamp('29-10月-16 11.45.09.000000000 上午','DD-MON-RR HH.MI.SSXFF AM'),to_timestamp('29-10月-16 11.45.09.000000000 上午','DD-MON-RR HH.MI.SSXFF AM'),0,0,2);
Insert into ADMINSYSTEM.SYS_USER_PERMISSION (ID,SYS_USER_ID,SYS_PERMISSION_ID,IS_FINAL,RANK,CREATE_TIME,UPDATE_TIME,CREATE_BY,UPDATE_BY,STATUS) values (107,1,39,2,0,to_timestamp('29-10月-16 11.45.09.000000000 上午','DD-MON-RR HH.MI.SSXFF AM'),to_timestamp('29-10月-16 11.45.09.000000000 上午','DD-MON-RR HH.MI.SSXFF AM'),0,0,2);
Insert into ADMINSYSTEM.SYS_USER_PERMISSION (ID,SYS_USER_ID,SYS_PERMISSION_ID,IS_FINAL,RANK,CREATE_TIME,UPDATE_TIME,CREATE_BY,UPDATE_BY,STATUS) values (108,1,40,2,0,to_timestamp('29-10月-16 11.45.09.000000000 上午','DD-MON-RR HH.MI.SSXFF AM'),to_timestamp('29-10月-16 11.45.09.000000000 上午','DD-MON-RR HH.MI.SSXFF AM'),0,0,2);
Insert into ADMINSYSTEM.SYS_USER_PERMISSION (ID,SYS_USER_ID,SYS_PERMISSION_ID,IS_FINAL,RANK,CREATE_TIME,UPDATE_TIME,CREATE_BY,UPDATE_BY,STATUS) values (109,1,41,2,0,to_timestamp('29-10月-16 11.45.09.000000000 上午','DD-MON-RR HH.MI.SSXFF AM'),to_timestamp('29-10月-16 11.45.09.000000000 上午','DD-MON-RR HH.MI.SSXFF AM'),0,0,2);
Insert into ADMINSYSTEM.SYS_USER_PERMISSION (ID,SYS_USER_ID,SYS_PERMISSION_ID,IS_FINAL,RANK,CREATE_TIME,UPDATE_TIME,CREATE_BY,UPDATE_BY,STATUS) values (110,1,42,2,0,to_timestamp('29-10月-16 11.45.09.000000000 上午','DD-MON-RR HH.MI.SSXFF AM'),to_timestamp('29-10月-16 11.45.09.000000000 上午','DD-MON-RR HH.MI.SSXFF AM'),0,0,2);
Insert into ADMINSYSTEM.SYS_USER_PERMISSION (ID,SYS_USER_ID,SYS_PERMISSION_ID,IS_FINAL,RANK,CREATE_TIME,UPDATE_TIME,CREATE_BY,UPDATE_BY,STATUS) values (111,1,43,2,0,to_timestamp('29-10月-16 11.45.09.000000000 上午','DD-MON-RR HH.MI.SSXFF AM'),to_timestamp('29-10月-16 11.45.09.000000000 上午','DD-MON-RR HH.MI.SSXFF AM'),0,0,2);
REM INSERTING into ADMINSYSTEM.SYS_USER_ROLE_ORGANIZATION
SET DEFINE OFF;
Insert into ADMINSYSTEM.SYS_USER_ROLE_ORGANIZATION (ID,SYS_USER_ID,SYS_ROLE_ORGANIZATION_ID,RANK,CREATE_TIME,UPDATE_TIME,CREATE_BY,UPDATE_BY,STATUS,IS_FINAL) values (1,1,2,0,to_timestamp('29-10月-16 11.45.09.000000000 上午','DD-MON-RR HH.MI.SSXFF AM'),to_timestamp('29-10月-16 11.45.09.000000000 上午','DD-MON-RR HH.MI.SSXFF AM'),0,0,2,2);
Insert into ADMINSYSTEM.SYS_USER_ROLE_ORGANIZATION (ID,SYS_USER_ID,SYS_ROLE_ORGANIZATION_ID,RANK,CREATE_TIME,UPDATE_TIME,CREATE_BY,UPDATE_BY,STATUS,IS_FINAL) values (2,2,6,0,to_timestamp('29-10月-16 11.45.09.000000000 上午','DD-MON-RR HH.MI.SSXFF AM'),to_timestamp('29-10月-16 11.45.09.000000000 上午','DD-MON-RR HH.MI.SSXFF AM'),0,0,2,2);
Insert into ADMINSYSTEM.SYS_USER_ROLE_ORGANIZATION (ID,SYS_USER_ID,SYS_ROLE_ORGANIZATION_ID,RANK,CREATE_TIME,UPDATE_TIME,CREATE_BY,UPDATE_BY,STATUS,IS_FINAL) values (3,1,2,0,to_timestamp('29-10月-16 11.45.09.000000000 上午','DD-MON-RR HH.MI.SSXFF AM'),to_timestamp('29-10月-16 11.45.09.000000000 上午','DD-MON-RR HH.MI.SSXFF AM'),0,0,2,2);
Insert into ADMINSYSTEM.SYS_USER_ROLE_ORGANIZATION (ID,SYS_USER_ID,SYS_ROLE_ORGANIZATION_ID,RANK,CREATE_TIME,UPDATE_TIME,CREATE_BY,UPDATE_BY,STATUS,IS_FINAL) values (6,2,6,0,to_timestamp('29-10月-16 11.45.09.000000000 上午','DD-MON-RR HH.MI.SSXFF AM'),to_timestamp('29-10月-16 11.45.09.000000000 上午','DD-MON-RR HH.MI.SSXFF AM'),0,0,1,2);
Insert into ADMINSYSTEM.SYS_USER_ROLE_ORGANIZATION (ID,SYS_USER_ID,SYS_ROLE_ORGANIZATION_ID,RANK,CREATE_TIME,UPDATE_TIME,CREATE_BY,UPDATE_BY,STATUS,IS_FINAL) values (7,1,2,0,to_timestamp('29-10月-16 11.45.09.000000000 上午','DD-MON-RR HH.MI.SSXFF AM'),to_timestamp('29-10月-16 11.45.09.000000000 上午','DD-MON-RR HH.MI.SSXFF AM'),0,0,1,2);
REM INSERTING into ADMINSYSTEM.T_USER
SET DEFINE OFF;
Insert into ADMINSYSTEM.T_USER (ID,NAME) values ('2','单方事故肺癌我让他人气');
Insert into ADMINSYSTEM.T_USER (ID,NAME) values ('1','WUHUAQIANG');
Insert into ADMINSYSTEM.T_USER (ID,NAME) values ('1','更好的发给他玩儿');
